p011-08-e15,0858-0365,5.0
0886-0060,0815-0378,3.0
p011-08-e15,0886-0060,2.0
p011-08-e15,0815-0378,3.0
0858-0365,0886-0060,2.0
0858-0365,0815-0378,2.0
p10-tep-6412,otri-08-fcie44,2.0
0886-0060,p10-tep-6412,2.0
0886-0060,otri-08-fcie44,3.0
0815-0378,p10-tep-6412,5.0
0815-0378,otri-08-fcie44,3.0
p011-08-e15,p10-tep-6412,3.0
p011-08-e15,otri-08-fcie44,3.0
0858-0365,p10-tep-6412,0.0
0858-0365,otri-08-fcie44,3.0
p052-08-e26,p10-tic-6220,5.0
p011-08-e15,p052-08-e26,2.0
p011-08-e15,p10-tic-6220,3.0
0886-0060,p052-08-e26,0.0
0886-0060,p10-tic-6220,0.0
0815-0378,p052-08-e26,2.0
0815-0378,p10-tic-6220,3.0
0858-0365,p052-08-e26,0.0
0858-0365,p10-tic-6220,0.0
ffi2010-19022,agl2010-21982-c02-01,2.0
p011-08-e15,ffi2010-19022,3.0
p011-08-e15,agl2010-21982-c02-01,2.0
0815-0378,ffi2010-19022,2.0
0815-0378,agl2010-21982-c02-01,2.0
0886-0060,ffi2010-19022,0.0
0886-0060,agl2010-21982-c02-01,0.0
0858-0365,ffi2010-19022,2.0
0858-0365,agl2010-21982-c02-01,0.0
0863-0011,otri-08-fcie42,3.0
0858-0365,0863-0011,3.0
0858-0365,otri-08-fcie42,2.0
0886-0060,0863-0011,3.0
0886-0060,otri-08-fcie42,3.0
p011-08-e15,0863-0011,3.0
p011-08-e15,otri-08-fcie42,2.0
0815-0378,0863-0011,3.0
0815-0378,otri-08-fcie42,3.0
pi-0398-2010,0829-0380,3.0
0858-0365,pi-0398-2010,2.0
0858-0365,0829-0380,2.0
0815-0378,pi-0398-2010,5.0
0815-0378,0829-0380,3.0
0886-0060,pi-0398-2010,5.0
0886-0060,0829-0380,3.0
p011-08-e15,pi-0398-2010,2.0
p011-08-e15,0829-0380,2.0
otri-08-pc37,pro-reta,2.0
p10-tep-6412,otri-08-pc37,0.0
p10-tep-6412,pro-reta,3.0
otri-08-fcie44,otri-08-pc37,3.0
otri-08-fcie44,pro-reta,5.0
0858-0365,otri-08-pc37,3.0
0858-0365,pro-reta,2.0
0815-0378,otri-08-pc37,2.0
0815-0378,pro-reta,3.0
0886-0060,otri-08-pc37,2.0
0886-0060,pro-reta,3.0
p011-08-e15,otri-08-pc37,3.0
p011-08-e15,pro-reta,2.0
exp: 224-2006-dgfp-00,otri-08-pc39,3.0
0886-0060,exp: 224-2006-dgfp-00,0.0
0886-0060,otri-08-pc39,0.0
p10-tep-6412,exp: 224-2006-dgfp-00,2.0
p10-tep-6412,otri-08-pc39,3.0
otri-08-fcie44,exp: 224-2006-dgfp-00,3.0
otri-08-fcie44,otri-08-pc39,0.0
0858-0365,exp: 224-2006-dgfp-00,3.0
0858-0365,otri-08-pc39,0.0
0815-0378,exp: 224-2006-dgfp-00,2.0
0815-0378,otri-08-pc39,3.0
p011-08-e15,exp: 224-2006-dgfp-00,5.0
p011-08-e15,otri-08-pc39,3.0
cso2011-28480,bio2010-15430,2.0
0886-0060,cso2011-28480,0.0
0886-0060,bio2010-15430,0.0
otri-08-fcie44,cso2011-28480,3.0
otri-08-fcie44,bio2010-15430,0.0
p10-tep-6412,cso2011-28480,0.0
p10-tep-6412,bio2010-15430,0.0
0858-0365,cso2011-28480,3.0
0858-0365,bio2010-15430,0.0
0815-0378,cso2011-28480,0.0
0815-0378,bio2010-15430,0.0
p011-08-e15,cso2011-28480,3.0
p011-08-e15,bio2010-15430,0.0
es-0427-2010,otri-08-fcie50,3.0
0815-0378,es-0427-2010,3.0
0815-0378,otri-08-fcie50,3.0
p10-tep-6412,es-0427-2010,3.0
p10-tep-6412,otri-08-fcie50,2.0
0886-0060,es-0427-2010,2.0
0886-0060,otri-08-fcie50,3.0
otri-08-fcie44,es-0427-2010,2.0
otri-08-fcie44,otri-08-fcie50,3.0
0858-0365,es-0427-2010,0.0
0858-0365,otri-08-fcie50,2.0
p011-08-e15,es-0427-2010,2.0
p011-08-e15,otri-08-fcie50,2.0
modalidad: subvenciones para la realización de congresos y reuniones científicas,dpi2011-28356-c03-01,0.0
0815-0378,modalidad: subvenciones para la realización de congresos y reuniones científicas,5.0
0815-0378,dpi2011-28356-c03-01,2.0
otri-08-fcie44,modalidad: subvenciones para la realización de congresos y reuniones científicas,5.0
otri-08-fcie44,dpi2011-28356-c03-01,5.0
p10-tep-6412,modalidad: subvenciones para la realización de congresos y reuniones científicas,5.0
p10-tep-6412,dpi2011-28356-c03-01,0.0
0886-0060,modalidad: subvenciones para la realización de congresos y reuniones científicas,5.0
0886-0060,dpi2011-28356-c03-01,2.0
0858-0365,modalidad: subvenciones para la realización de congresos y reuniones científicas,0.0
0858-0365,dpi2011-28356-c03-01,5.0
p011-08-e15,modalidad: subvenciones para la realización de congresos y reuniones científicas,0.0
p011-08-e15,dpi2011-28356-c03-01,5.0
pi-0471-2010,0832-0146,2.0
p011-08-e15,pi-0471-2010,3.0
p011-08-e15,0832-0146,2.0
p10-tep-6412,pi-0471-2010,0.0
p10-tep-6412,0832-0146,0.0
0815-0378,pi-0471-2010,0.0
0815-0378,0832-0146,0.0
otri-08-fcie44,pi-0471-2010,3.0
otri-08-fcie44,0832-0146,2.0
0886-0060,pi-0471-2010,0.0
0886-0060,0832-0146,0.0
0858-0365,pi-0471-2010,3.0
0858-0365,0832-0146,2.0
p039-07-e25,p051-09-e08,5.0
p011-08-e15,p039-07-e25,0.0
p011-08-e15,p051-09-e08,0.0
otri-08-fcie44,p039-07-e25,3.0
otri-08-fcie44,p051-09-e08,3.0
p10-tep-6412,p039-07-e25,3.0
p10-tep-6412,p051-09-e08,3.0
0815-0378,p039-07-e25,3.0
0815-0378,p051-09-e08,3.0
0886-0060,p039-07-e25,3.0
0886-0060,p051-09-e08,3.0
0858-0365,p039-07-e25,0.0
0858-0365,p051-09-e08,0.0
pi-0588-2010,psi2010-17401,0.0
0858-0365,pi-0588-2010,0.0
0858-0365,psi2010-17401,3.0
p10-tep-6412,pi-0588-2010,3.0
p10-tep-6412,psi2010-17401,0.0
p011-08-e15,pi-0588-2010,3.0
p011-08-e15,psi2010-17401,3.0
otri-08-fcie44,pi-0588-2010,0.0
otri-08-fcie44,psi2010-17401,3.0
0815-0378,pi-0588-2010,3.0
0815-0378,psi2010-17401,0.0
0886-0060,pi-0588-2010,0.0
0886-0060,psi2010-17401,0.0
p10-tep-6632,p023-06-e05,2.0
0858-0365,p10-tep-6632,2.0
0858-0365,p023-06-e05,5.0
otri-08-fcie44,p10-tep-6632,3.0
otri-08-fcie44,p023-06-e05,5.0
p10-tep-6412,p10-tep-6632,3.0
p10-tep-6412,p023-06-e05,0.0
p011-08-e15,p10-tep-6632,3.0
p011-08-e15,p023-06-e05,5.0
0815-0378,p10-tep-6632,5.0
0815-0378,p023-06-e05,2.0
0886-0060,p10-tep-6632,3.0
0886-0060,p023-06-e05,2.0
p10-fqm-6462,mtm2010-20445,3.0
p052-08-e26,p10-fqm-6462,2.0
p052-08-e26,mtm2010-20445,3.0
p10-tic-6220,p10-fqm-6462,2.0
p10-tic-6220,mtm2010-20445,3.0
0858-0365,p10-fqm-6462,2.0
0858-0365,mtm2010-20445,2.0
otri-08-fcie44,p10-fqm-6462,3.0
otri-08-fcie44,mtm2010-20445,2.0
p10-tep-6412,p10-fqm-6462,2.0
p10-tep-6412,mtm2010-20445,0.0
p011-08-e15,p10-fqm-6462,2.0
p011-08-e15,mtm2010-20445,2.0
0815-0378,p10-fqm-6462,2.0
0815-0378,mtm2010-20445,2.0
0886-0060,p10-fqm-6462,2.0
0886-0060,mtm2010-20445,2.0
p10-tic-6323,fem2010-15389,2.0
p011-08-e15,p10-tic-6323,2.0
p011-08-e15,fem2010-15389,2.0
p052-08-e26,p10-tic-6323,3.0
p052-08-e26,fem2010-15389,3.0
p10-tic-6220,p10-tic-6323,3.0
p10-tic-6220,fem2010-15389,2.0
0858-0365,p10-tic-6323,0.0
0858-0365,fem2010-15389,2.0
otri-08-fcie44,p10-tic-6323,2.0
otri-08-fcie44,fem2010-15389,2.0
p10-tep-6412,p10-tic-6323,3.0
p10-tep-6412,fem2010-15389,0.0
0815-0378,p10-tic-6323,3.0
0815-0378,fem2010-15389,2.0
0886-0060,p10-tic-6323,2.0
0886-0060,fem2010-15389,2.0
0762-0145,pi-0408-2010,5.0
p011-08-e15,0762-0145,2.0
p011-08-e15,pi-0408-2010,0.0
p10-tic-6220,0762-0145,3.0
p10-tic-6220,pi-0408-2010,5.0
p052-08-e26,0762-0145,3.0
p052-08-e26,pi-0408-2010,5.0
0858-0365,0762-0145,2.0
0858-0365,pi-0408-2010,0.0
otri-08-fcie44,0762-0145,2.0
otri-08-fcie44,pi-0408-2010,0.0
p10-tep-6412,0762-0145,0.0
p10-tep-6412,pi-0408-2010,0.0
0815-0378,0762-0145,2.0
0815-0378,pi-0408-2010,0.0
0886-0060,0762-0145,2.0
0886-0060,pi-0408-2010,0.0
p040-07-e08,at2010-1-l1.1,3.0
0886-0060,p040-07-e08,2.0
0886-0060,at2010-1-l1.1,2.0
p052-08-e26,p040-07-e08,3.0
p052-08-e26,at2010-1-l1.1,3.0
p011-08-e15,p040-07-e08,2.0
p011-08-e15,at2010-1-l1.1,3.0
p10-tic-6220,p040-07-e08,2.0
p10-tic-6220,at2010-1-l1.1,2.0
0858-0365,p040-07-e08,0.0
0858-0365,at2010-1-l1.1,2.0
otri-08-fcie44,p040-07-e08,2.0
otri-08-fcie44,at2010-1-l1.1,2.0
p10-tep-6412,p040-07-e08,3.0
p10-tep-6412,at2010-1-l1.1,2.0
0815-0378,p040-07-e08,3.0
0815-0378,at2010-1-l1.1,3.0
0875-0393,p024-08-e05,2.0
0886-0060,0875-0393,0.0
0886-0060,p024-08-e05,2.0
p10-tic-6220,0875-0393,3.0
p10-tic-6220,p024-08-e05,2.0
p052-08-e26,0875-0393,5.0
p052-08-e26,p024-08-e05,2.0
p011-08-e15,0875-0393,2.0
p011-08-e15,p024-08-e05,5.0
0858-0365,0875-0393,0.0
0858-0365,p024-08-e05,3.0
otri-08-fcie44,0875-0393,0.0
otri-08-fcie44,p024-08-e05,3.0
p10-tep-6412,0875-0393,2.0
p10-tep-6412,p024-08-e05,2.0
0815-0378,0875-0393,2.0
0815-0378,p024-08-e05,3.0
0794-0096,op-0382-2010,5.0
0815-0378,0794-0096,3.0
0815-0378,op-0382-2010,3.0
p052-08-e26,0794-0096,0.0
p052-08-e26,op-0382-2010,0.0
0886-0060,0794-0096,3.0
0886-0060,op-0382-2010,3.0
p10-tic-6220,0794-0096,0.0
p10-tic-6220,op-0382-2010,0.0
p011-08-e15,0794-0096,3.0
p011-08-e15,op-0382-2010,5.0
0858-0365,0794-0096,3.0
0858-0365,op-0382-2010,5.0
otri-08-fcie44,0794-0096,5.0
otri-08-fcie44,op-0382-2010,5.0
p10-tep-6412,0794-0096,2.0
p10-tep-6412,op-0382-2010,0.0
tec2010-20861,sconp001-10,3.0
0815-0378,tec2010-20861,2.0
0815-0378,sconp001-10,3.0
p10-tic-6220,tec2010-20861,2.0
p10-tic-6220,sconp001-10,2.0
p052-08-e26,tec2010-20861,3.0
p052-08-e26,sconp001-10,2.0
0886-0060,tec2010-20861,0.0
0886-0060,sconp001-10,2.0
p011-08-e15,tec2010-20861,3.0
p011-08-e15,sconp001-10,3.0
0858-0365,tec2010-20861,2.0
0858-0365,sconp001-10,2.0
otri-08-fcie44,tec2010-20861,2.0
otri-08-fcie44,sconp001-10,3.0
p10-tep-6412,tec2010-20861,2.0
p10-tep-6412,sconp001-10,3.0
cf-0006-21010,p10-tic-6214,3.0
0858-0365,cf-0006-21010,2.0
0858-0365,p10-tic-6214,2.0
p052-08-e26,cf-0006-21010,2.0
p052-08-e26,p10-tic-6214,2.0
0815-0378,cf-0006-21010,3.0
0815-0378,p10-tic-6214,2.0
p10-tic-6220,cf-0006-21010,0.0
p10-tic-6220,p10-tic-6214,0.0
0886-0060,cf-0006-21010,3.0
0886-0060,p10-tic-6214,2.0
p011-08-e15,cf-0006-21010,2.0
p011-08-e15,p10-tic-6214,2.0
otri-08-fcie44,cf-0006-21010,3.0
otri-08-fcie44,p10-tic-6214,3.0
p10-tep-6412,cf-0006-21010,2.0
p10-tep-6412,p10-tic-6214,2.0
0788-0369,0844-0166,5.0
0858-0365,0788-0369,0.0
0858-0365,0844-0166,0.0
p10-tic-6220,0788-0369,2.0
p10-tic-6220,0844-0166,2.0
p052-08-e26,0788-0369,2.0
p052-08-e26,0844-0166,2.0
0815-0378,0788-0369,5.0
0815-0378,0844-0166,5.0
0886-0060,0788-0369,3.0
0886-0060,0844-0166,3.0
p011-08-e15,0788-0369,2.0
p011-08-e15,0844-0166,2.0
otri-08-fcie44,0788-0369,3.0
otri-08-fcie44,0844-0166,3.0
p10-tep-6412,0788-0369,5.0
p10-tep-6412,0844-0166,5.0
0796-0233,jc2010-0117,2.0
ffi2010-19022,0796-0233,2.0
ffi2010-19022,jc2010-0117,5.0
agl2010-21982-c02-01,0796-0233,0.0
agl2010-21982-c02-01,jc2010-0117,0.0
0858-0365,0796-0233,2.0
0858-0365,jc2010-0117,3.0
p10-tic-6220,0796-0233,2.0
p10-tic-6220,jc2010-0117,2.0
p052-08-e26,0796-0233,2.0
p052-08-e26,jc2010-0117,2.0
0815-0378,0796-0233,3.0
0815-0378,jc2010-0117,0.0
0886-0060,0796-0233,3.0
0886-0060,jc2010-0117,0.0
p011-08-e15,0796-0233,2.0
p011-08-e15,jc2010-0117,3.0
otri-08-fcie44,0796-0233,3.0
otri-08-fcie44,jc2010-0117,3.0
p10-tep-6412,0796-0233,2.0
p10-tep-6412,jc2010-0117,0.0
0818-0354,sr-0027-2010,2.0
p011-08-e15,0818-0354,0.0
p011-08-e15,sr-0027-2010,3.0
ffi2010-19022,0818-0354,3.0
ffi2010-19022,sr-0027-2010,3.0
agl2010-21982-c02-01,0818-0354,2.0
agl2010-21982-c02-01,sr-0027-2010,5.0
0858-0365,0818-0354,0.0
0858-0365,sr-0027-2010,0.0
p10-tic-6220,0818-0354,3.0
p10-tic-6220,sr-0027-2010,3.0
p052-08-e26,0818-0354,5.0
p052-08-e26,sr-0027-2010,5.0
0815-0378,0818-0354,0.0
0815-0378,sr-0027-2010,3.0
0886-0060,0818-0354,0.0
0886-0060,sr-0027-2010,0.0
otri-08-fcie44,0818-0354,0.0
otri-08-fcie44,sr-0027-2010,0.0
p10-tep-6412,0818-0354,0.0
p10-tep-6412,sr-0027-2010,3.0
0825-0024,0801-0182,3.0
p011-08-e15,0825-0024,2.0
p011-08-e15,0801-0182,5.0
agl2010-21982-c02-01,0825-0024,3.0
agl2010-21982-c02-01,0801-0182,3.0
ffi2010-19022,0825-0024,2.0
ffi2010-19022,0801-0182,5.0
0858-0365,0825-0024,0.0
0858-0365,0801-0182,2.0
p10-tic-6220,0825-0024,2.0
p10-tic-6220,0801-0182,3.0
p052-08-e26,0825-0024,3.0
p052-08-e26,0801-0182,3.0
0815-0378,0825-0024,3.0
0815-0378,0801-0182,3.0
0886-0060,0825-0024,2.0
0886-0060,0801-0182,0.0
otri-08-fcie44,0825-0024,2.0
otri-08-fcie44,0801-0182,2.0
p10-tep-6412,0825-0024,3.0
p10-tep-6412,0801-0182,3.0
0888-0150,p10-fqm-5956,3.0
0815-0378,0888-0150,5.0
0815-0378,p10-fqm-5956,5.0
ffi2010-19022,0888-0150,3.0
ffi2010-19022,p10-fqm-5956,3.0
p011-08-e15,0888-0150,5.0
p011-08-e15,p10-fqm-5956,3.0
agl2010-21982-c02-01,0888-0150,3.0
agl2010-21982-c02-01,p10-fqm-5956,3.0
0858-0365,0888-0150,2.0
0858-0365,p10-fqm-5956,0.0
p10-tic-6220,0888-0150,3.0
p10-tic-6220,p10-fqm-5956,3.0
p052-08-e26,0888-0150,3.0
p052-08-e26,p10-fqm-5956,3.0
0886-0060,0888-0150,2.0
0886-0060,p10-fqm-5956,2.0
otri-08-fcie44,0888-0150,2.0
otri-08-fcie44,p10-fqm-5956,2.0
p10-tep-6412,0888-0150,3.0
p10-tep-6412,p10-fqm-5956,5.0
pro-072,p10-fqm-5713,3.0
0815-0378,pro-072,3.0
0815-0378,p10-fqm-5713,3.0
agl2010-21982-c02-01,pro-072,2.0
agl2010-21982-c02-01,p10-fqm-5713,2.0
ffi2010-19022,pro-072,3.0
ffi2010-19022,p10-fqm-5713,3.0
p011-08-e15,pro-072,3.0
p011-08-e15,p10-fqm-5713,2.0
0858-0365,pro-072,2.0
0858-0365,p10-fqm-5713,0.0
p10-tic-6220,pro-072,2.0
p10-tic-6220,p10-fqm-5713,3.0
p052-08-e26,pro-072,2.0
p052-08-e26,p10-fqm-5713,3.0
0886-0060,pro-072,2.0
0886-0060,p10-fqm-5713,2.0
otri-08-fcie44,pro-072,3.0
otri-08-fcie44,p10-fqm-5713,2.0
p10-tep-6412,pro-072,3.0
p10-tep-6412,p10-fqm-5713,3.0
p10-agr-5821,0874-0393,2.0
0886-0060,p10-agr-5821,2.0
0886-0060,0874-0393,3.0
ffi2010-19022,p10-agr-5821,3.0
ffi2010-19022,0874-0393,2.0
0815-0378,p10-agr-5821,2.0
0815-0378,0874-0393,5.0
agl2010-21982-c02-01,p10-agr-5821,0.0
agl2010-21982-c02-01,0874-0393,2.0
p011-08-e15,p10-agr-5821,5.0
p011-08-e15,0874-0393,3.0
0858-0365,p10-agr-5821,5.0
0858-0365,0874-0393,2.0
p10-tic-6220,p10-agr-5821,0.0
p10-tic-6220,0874-0393,2.0
p052-08-e26,p10-agr-5821,0.0
p052-08-e26,0874-0393,2.0
otri-08-fcie44,p10-agr-5821,5.0
otri-08-fcie44,0874-0393,3.0
p10-tep-6412,p10-agr-5821,0.0
p10-tep-6412,0874-0393,3.0
0854-0387,ctq2010-19823,5.0
0886-0060,0854-0387,2.0
0886-0060,ctq2010-19823,2.0
agl2010-21982-c02-01,0854-0387,0.0
agl2010-21982-c02-01,ctq2010-19823,0.0
ffi2010-19022,0854-0387,3.0
ffi2010-19022,ctq2010-19823,3.0
0815-0378,0854-0387,2.0
0815-0378,ctq2010-19823,2.0
p011-08-e15,0854-0387,2.0
p011-08-e15,ctq2010-19823,0.0
0858-0365,0854-0387,2.0
0858-0365,ctq2010-19823,0.0
p10-tic-6220,0854-0387,2.0
p10-tic-6220,ctq2010-19823,3.0
p052-08-e26,0854-0387,2.0
p052-08-e26,ctq2010-19823,3.0
otri-08-fcie44,0854-0387,3.0
otri-08-fcie44,ctq2010-19823,2.0
p10-tep-6412,0854-0387,2.0
p10-tep-6412,ctq2010-19823,2.0
0810-0376,p032-06-e03,2.0
0858-0365,0810-0376,3.0
0858-0365,p032-06-e03,2.0
ffi2010-19022,0810-0376,2.0
ffi2010-19022,p032-06-e03,3.0
0886-0060,0810-0376,3.0
0886-0060,p032-06-e03,0.0
agl2010-21982-c02-01,0810-0376,0.0
agl2010-21982-c02-01,p032-06-e03,2.0
0815-0378,0810-0376,3.0
0815-0378,p032-06-e03,0.0
p011-08-e15,0810-0376,3.0
p011-08-e15,p032-06-e03,2.0
p10-tic-6220,0810-0376,0.0
p10-tic-6220,p032-06-e03,2.0
p052-08-e26,0810-0376,0.0
p052-08-e26,p032-06-e03,3.0
otri-08-fcie44,0810-0376,5.0
otri-08-fcie44,p032-06-e03,2.0
p10-tep-6412,0810-0376,2.0
p10-tep-6412,p032-06-e03,0.0
0781-0005,psi2010-11461-e,3.0
0858-0365,0781-0005,2.0
0858-0365,psi2010-11461-e,2.0
agl2010-21982-c02-01,0781-0005,0.0
agl2010-21982-c02-01,psi2010-11461-e,0.0
ffi2010-19022,0781-0005,3.0
ffi2010-19022,psi2010-11461-e,0.0
0886-0060,0781-0005,2.0
0886-0060,psi2010-11461-e,5.0
0815-0378,0781-0005,2.0
0815-0378,psi2010-11461-e,5.0
p011-08-e15,0781-0005,2.0
p011-08-e15,psi2010-11461-e,2.0
p10-tic-6220,0781-0005,2.0
p10-tic-6220,psi2010-11461-e,0.0
p052-08-e26,0781-0005,2.0
p052-08-e26,psi2010-11461-e,0.0
otri-08-fcie44,0781-0005,3.0
otri-08-fcie44,psi2010-11461-e,5.0
p10-tep-6412,0781-0005,2.0
p10-tep-6412,psi2010-11461-e,3.0
0771-0143,es-0136-2010,3.0
0863-0011,0771-0143,3.0
0863-0011,es-0136-2010,2.0
otri-08-fcie42,0771-0143,3.0
otri-08-fcie42,es-0136-2010,2.0
0858-0365,0771-0143,2.0
0858-0365,es-0136-2010,0.0
agl2010-21982-c02-01,0771-0143,2.0
agl2010-21982-c02-01,es-0136-2010,3.0
ffi2010-19022,0771-0143,0.0
ffi2010-19022,es-0136-2010,2.0
0886-0060,0771-0143,3.0
0886-0060,es-0136-2010,2.0
0815-0378,0771-0143,3.0
0815-0378,es-0136-2010,3.0
p011-08-e15,0771-0143,2.0
p011-08-e15,es-0136-2010,2.0
p10-tic-6220,0771-0143,0.0
p10-tic-6220,es-0136-2010,2.0
p052-08-e26,0771-0143,2.0
p052-08-e26,es-0136-2010,3.0
otri-08-fcie44,0771-0143,3.0
otri-08-fcie44,es-0136-2010,2.0
p10-tep-6412,0771-0143,2.0
p10-tep-6412,es-0136-2010,3.0
p10-sej-6081,p10-tep-6067,0.0
0858-0365,p10-sej-6081,0.0
0858-0365,p10-tep-6067,3.0
0863-0011,p10-sej-6081,2.0
0863-0011,p10-tep-6067,3.0
otri-08-fcie42,p10-sej-6081,5.0
otri-08-fcie42,p10-tep-6067,3.0
agl2010-21982-c02-01,p10-sej-6081,0.0
agl2010-21982-c02-01,p10-tep-6067,2.0
ffi2010-19022,p10-sej-6081,3.0
ffi2010-19022,p10-tep-6067,0.0
0886-0060,p10-sej-6081,2.0
0886-0060,p10-tep-6067,3.0
0815-0378,p10-sej-6081,2.0
0815-0378,p10-tep-6067,3.0
p011-08-e15,p10-sej-6081,0.0
p011-08-e15,p10-tep-6067,3.0
p10-tic-6220,p10-sej-6081,3.0
p10-tic-6220,p10-tep-6067,0.0
p052-08-e26,p10-sej-6081,3.0
p052-08-e26,p10-tep-6067,2.0
otri-08-fcie44,p10-sej-6081,2.0
otri-08-fcie44,p10-tep-6067,3.0
p10-tep-6412,p10-sej-6081,2.0
p10-tep-6412,p10-tep-6067,0.0
pi-0502-2010,0891-0060,2.0
0858-0365,pi-0502-2010,5.0
0858-0365,0891-0060,2.0
otri-08-fcie42,pi-0502-2010,0.0
otri-08-fcie42,0891-0060,2.0
0863-0011,pi-0502-2010,5.0
0863-0011,0891-0060,3.0
agl2010-21982-c02-01,pi-0502-2010,0.0
agl2010-21982-c02-01,0891-0060,2.0
ffi2010-19022,pi-0502-2010,5.0
ffi2010-19022,0891-0060,2.0
0886-0060,pi-0502-2010,0.0
0886-0060,0891-0060,2.0
0815-0378,pi-0502-2010,0.0
0815-0378,0891-0060,2.0
p011-08-e15,pi-0502-2010,5.0
p011-08-e15,0891-0060,2.0
p10-tic-6220,pi-0502-2010,0.0
p10-tic-6220,0891-0060,0.0
p052-08-e26,pi-0502-2010,0.0
p052-08-e26,0891-0060,2.0
otri-08-fcie44,pi-0502-2010,5.0
otri-08-fcie44,0891-0060,3.0
p10-tep-6412,pi-0502-2010,0.0
p10-tep-6412,0891-0060,2.0
p10-tic-5705,aci2010-1094,3.0
0886-0060,p10-tic-5705,0.0
0886-0060,aci2010-1094,0.0
0863-0011,p10-tic-5705,2.0
0863-0011,aci2010-1094,2.0
0858-0365,p10-tic-5705,2.0
0858-0365,aci2010-1094,2.0
otri-08-fcie42,p10-tic-5705,0.0
otri-08-fcie42,aci2010-1094,0.0
agl2010-21982-c02-01,p10-tic-5705,3.0
agl2010-21982-c02-01,aci2010-1094,3.0
ffi2010-19022,p10-tic-5705,2.0
ffi2010-19022,aci2010-1094,3.0
0815-0378,p10-tic-5705,0.0
0815-0378,aci2010-1094,2.0
p011-08-e15,p10-tic-5705,2.0
p011-08-e15,aci2010-1094,3.0
p10-tic-6220,p10-tic-5705,0.0
p10-tic-6220,aci2010-1094,2.0
p052-08-e26,p10-tic-5705,3.0
p052-08-e26,aci2010-1094,3.0
otri-08-fcie44,p10-tic-5705,2.0
otri-08-fcie44,aci2010-1094,2.0
p10-tep-6412,p10-tic-5705,0.0
p10-tep-6412,aci2010-1094,2.0
pro-059,saf2010-15015,0.0
0886-0060,pro-059,3.0
0886-0060,saf2010-15015,2.0
otri-08-fcie42,pro-059,5.0
otri-08-fcie42,saf2010-15015,2.0
0863-0011,pro-059,3.0
0863-0011,saf2010-15015,3.0
0858-0365,pro-059,3.0
0858-0365,saf2010-15015,2.0
agl2010-21982-c02-01,pro-059,0.0
agl2010-21982-c02-01,saf2010-15015,2.0
ffi2010-19022,pro-059,2.0
ffi2010-19022,saf2010-15015,2.0
0815-0378,pro-059,3.0
0815-0378,saf2010-15015,2.0
p011-08-e15,pro-059,3.0
p011-08-e15,saf2010-15015,2.0
p10-tic-6220,pro-059,2.0
p10-tic-6220,saf2010-15015,0.0
p052-08-e26,pro-059,2.0
p052-08-e26,saf2010-15015,2.0
otri-08-fcie44,pro-059,3.0
otri-08-fcie44,saf2010-15015,3.0
p10-tep-6412,pro-059,0.0
p10-tep-6412,saf2010-15015,2.0
p021-06-e05,0833-0091,3.0
p011-08-e15,p021-06-e05,3.0
p011-08-e15,0833-0091,5.0
0863-0011,p021-06-e05,3.0
0863-0011,0833-0091,3.0
0886-0060,p021-06-e05,3.0
0886-0060,0833-0091,3.0
otri-08-fcie42,p021-06-e05,5.0
otri-08-fcie42,0833-0091,3.0
0858-0365,p021-06-e05,3.0
0858-0365,0833-0091,3.0
agl2010-21982-c02-01,p021-06-e05,0.0
agl2010-21982-c02-01,0833-0091,2.0
ffi2010-19022,p021-06-e05,2.0
ffi2010-19022,0833-0091,2.0
0815-0378,p021-06-e05,3.0
0815-0378,0833-0091,5.0
p10-tic-6220,p021-06-e05,2.0
p10-tic-6220,0833-0091,2.0
p052-08-e26,p021-06-e05,2.0
p052-08-e26,0833-0091,2.0
otri-08-fcie44,p021-06-e05,3.0
otri-08-fcie44,0833-0091,3.0
p10-tep-6412,p021-06-e05,0.0
p10-tep-6412,0833-0091,2.0
edu2010-16264,p10-sej-6672,2.0
p011-08-e15,edu2010-16264,2.0
p011-08-e15,p10-sej-6672,3.0
otri-08-fcie42,edu2010-16264,3.0
otri-08-fcie42,p10-sej-6672,0.0
0863-0011,edu2010-16264,3.0
0863-0011,p10-sej-6672,2.0
0886-0060,edu2010-16264,2.0
0886-0060,p10-sej-6672,0.0
0858-0365,edu2010-16264,2.0
0858-0365,p10-sej-6672,2.0
agl2010-21982-c02-01,edu2010-16264,0.0
agl2010-21982-c02-01,p10-sej-6672,3.0
ffi2010-19022,edu2010-16264,3.0
ffi2010-19022,p10-sej-6672,3.0
0815-0378,edu2010-16264,2.0
0815-0378,p10-sej-6672,2.0
p10-tic-6220,edu2010-16264,2.0
p10-tic-6220,p10-sej-6672,2.0
p052-08-e26,edu2010-16264,2.0
p052-08-e26,p10-sej-6672,3.0
otri-08-fcie44,edu2010-16264,3.0
otri-08-fcie44,p10-sej-6672,2.0
p10-tep-6412,edu2010-16264,2.0
p10-tep-6412,p10-sej-6672,2.0
p10-tep-5984,bfu2010-15690,2.0
0815-0378,p10-tep-5984,3.0
0815-0378,bfu2010-15690,2.0
0863-0011,p10-tep-5984,5.0
0863-0011,bfu2010-15690,2.0
p011-08-e15,p10-tep-5984,5.0
p011-08-e15,bfu2010-15690,2.0
otri-08-fcie42,p10-tep-5984,3.0
otri-08-fcie42,bfu2010-15690,5.0
0886-0060,p10-tep-5984,3.0
0886-0060,bfu2010-15690,2.0
0858-0365,p10-tep-5984,5.0
0858-0365,bfu2010-15690,2.0
agl2010-21982-c02-01,p10-tep-5984,0.0
agl2010-21982-c02-01,bfu2010-15690,0.0
ffi2010-19022,p10-tep-5984,2.0
ffi2010-19022,bfu2010-15690,3.0
p10-tic-6220,p10-tep-5984,0.0
p10-tic-6220,bfu2010-15690,3.0
p052-08-e26,p10-tep-5984,0.0
p052-08-e26,bfu2010-15690,3.0
otri-08-fcie44,p10-tep-5984,5.0
otri-08-fcie44,bfu2010-15690,2.0
p10-tep-6412,p10-tep-5984,0.0
p10-tep-6412,bfu2010-15690,0.0
pro-050,0761-0145,0.0
0815-0378,pro-050,3.0
0815-0378,0761-0145,5.0
otri-08-fcie42,pro-050,0.0
otri-08-fcie42,0761-0145,5.0
0863-0011,pro-050,2.0
0863-0011,0761-0145,5.0
p011-08-e15,pro-050,5.0
p011-08-e15,0761-0145,2.0
0886-0060,pro-050,0.0
0886-0060,0761-0145,5.0
0858-0365,pro-050,2.0
0858-0365,0761-0145,2.0
agl2010-21982-c02-01,pro-050,3.0
agl2010-21982-c02-01,0761-0145,0.0
ffi2010-19022,pro-050,5.0
ffi2010-19022,0761-0145,0.0
p10-tic-6220,pro-050,3.0
p10-tic-6220,0761-0145,0.0
p052-08-e26,pro-050,3.0
p052-08-e26,0761-0145,0.0
otri-08-fcie44,pro-050,2.0
otri-08-fcie44,0761-0145,5.0
p10-tep-6412,pro-050,3.0
p10-tep-6412,0761-0145,3.0
p055-08-e05,0790-0370,2.0
pi-0398-2010,p055-08-e05,0.0
pi-0398-2010,0790-0370,2.0
0829-0380,p055-08-e05,0.0
0829-0380,0790-0370,2.0
0815-0378,p055-08-e05,5.0
0815-0378,0790-0370,3.0
otri-08-fcie42,p055-08-e05,0.0
otri-08-fcie42,0790-0370,3.0
0863-0011,p055-08-e05,0.0
0863-0011,0790-0370,2.0
p011-08-e15,p055-08-e05,5.0
p011-08-e15,0790-0370,2.0
0886-0060,p055-08-e05,0.0
0886-0060,0790-0370,2.0
0858-0365,p055-08-e05,0.0
0858-0365,0790-0370,0.0
agl2010-21982-c02-01,p055-08-e05,5.0
agl2010-21982-c02-01,0790-0370,2.0
ffi2010-19022,p055-08-e05,5.0
ffi2010-19022,0790-0370,3.0
p10-tic-6220,p055-08-e05,5.0
p10-tic-6220,0790-0370,3.0
p052-08-e26,p055-08-e05,5.0
p052-08-e26,0790-0370,3.0
otri-08-fcie44,p055-08-e05,0.0
otri-08-fcie44,0790-0370,2.0
p10-tep-6412,p055-08-e05,5.0
p10-tep-6412,0790-0370,3.0
p10-fqm-5735,0808-0010,0.0
0858-0365,p10-fqm-5735,2.0
0858-0365,0808-0010,0.0
pi-0398-2010,p10-fqm-5735,2.0
pi-0398-2010,0808-0010,3.0
0829-0380,p10-fqm-5735,0.0
0829-0380,0808-0010,3.0
0815-0378,p10-fqm-5735,2.0
0815-0378,0808-0010,5.0
otri-08-fcie42,p10-fqm-5735,3.0
otri-08-fcie42,0808-0010,3.0
0863-0011,p10-fqm-5735,2.0
0863-0011,0808-0010,3.0
p011-08-e15,p10-fqm-5735,2.0
p011-08-e15,0808-0010,2.0
0886-0060,p10-fqm-5735,2.0
0886-0060,0808-0010,3.0
agl2010-21982-c02-01,p10-fqm-5735,2.0
agl2010-21982-c02-01,0808-0010,2.0
ffi2010-19022,p10-fqm-5735,2.0
ffi2010-19022,0808-0010,2.0
p10-tic-6220,p10-fqm-5735,2.0
p10-tic-6220,0808-0010,2.0
p052-08-e26,p10-fqm-5735,3.0
p052-08-e26,0808-0010,2.0
otri-08-fcie44,p10-fqm-5735,2.0
otri-08-fcie44,0808-0010,3.0
p10-tep-6412,p10-fqm-5735,0.0
p10-tep-6412,0808-0010,5.0
p005-08-e15,ffi2010-11796-e,2.0
0858-0365,p005-08-e15,2.0
0858-0365,ffi2010-11796-e,2.0
0829-0380,p005-08-e15,2.0
0829-0380,ffi2010-11796-e,3.0
pi-0398-2010,p005-08-e15,3.0
pi-0398-2010,ffi2010-11796-e,2.0
0815-0378,p005-08-e15,3.0
0815-0378,ffi2010-11796-e,3.0
otri-08-fcie42,p005-08-e15,3.0
otri-08-fcie42,ffi2010-11796-e,2.0
0863-0011,p005-08-e15,3.0
0863-0011,ffi2010-11796-e,3.0
p011-08-e15,p005-08-e15,2.0
p011-08-e15,ffi2010-11796-e,3.0
0886-0060,p005-08-e15,3.0
0886-0060,ffi2010-11796-e,2.0
agl2010-21982-c02-01,p005-08-e15,2.0
agl2010-21982-c02-01,ffi2010-11796-e,2.0
ffi2010-19022,p005-08-e15,0.0
ffi2010-19022,ffi2010-11796-e,3.0
p10-tic-6220,p005-08-e15,0.0
p10-tic-6220,ffi2010-11796-e,2.0
p052-08-e26,p005-08-e15,2.0
p052-08-e26,ffi2010-11796-e,2.0
otri-08-fcie44,p005-08-e15,3.0
otri-08-fcie44,ffi2010-11796-e,3.0
p10-tep-6412,p005-08-e15,2.0
p10-tep-6412,ffi2010-11796-e,3.0
jc2010-0006,jc2010-0005,0.0
0815-0378,jc2010-0006,2.0
0815-0378,jc2010-0005,2.0
pi-0398-2010,jc2010-0006,2.0
pi-0398-2010,jc2010-0005,0.0
0858-0365,jc2010-0006,5.0
0858-0365,jc2010-0005,0.0
0829-0380,jc2010-0006,3.0
0829-0380,jc2010-0005,0.0
otri-08-fcie42,jc2010-0006,2.0
otri-08-fcie42,jc2010-0005,0.0
0863-0011,jc2010-0006,5.0
0863-0011,jc2010-0005,0.0
p011-08-e15,jc2010-0006,5.0
p011-08-e15,jc2010-0005,2.0
0886-0060,jc2010-0006,2.0
0886-0060,jc2010-0005,0.0
agl2010-21982-c02-01,jc2010-0006,0.0
agl2010-21982-c02-01,jc2010-0005,5.0
ffi2010-19022,jc2010-0006,3.0
ffi2010-19022,jc2010-0005,2.0
p10-tic-6220,jc2010-0006,0.0
p10-tic-6220,jc2010-0005,2.0
p052-08-e26,jc2010-0006,0.0
p052-08-e26,jc2010-0005,5.0
otri-08-fcie44,jc2010-0006,5.0
otri-08-fcie44,jc2010-0005,0.0
p10-tep-6412,jc2010-0006,0.0
p10-tep-6412,jc2010-0005,2.0
jc2010-0126,tin2010-11890-e,2.0
0815-0378,jc2010-0126,0.0
0815-0378,tin2010-11890-e,3.0
0829-0380,jc2010-0126,0.0
0829-0380,tin2010-11890-e,0.0
pi-0398-2010,jc2010-0126,0.0
pi-0398-2010,tin2010-11890-e,3.0
0858-0365,jc2010-0126,0.0
0858-0365,tin2010-11890-e,3.0
otri-08-fcie42,jc2010-0126,0.0
otri-08-fcie42,tin2010-11890-e,3.0
0863-0011,jc2010-0126,0.0
0863-0011,tin2010-11890-e,3.0
p011-08-e15,jc2010-0126,0.0
p011-08-e15,tin2010-11890-e,3.0
0886-0060,jc2010-0126,0.0
0886-0060,tin2010-11890-e,3.0
agl2010-21982-c02-01,jc2010-0126,5.0
agl2010-21982-c02-01,tin2010-11890-e,2.0
ffi2010-19022,jc2010-0126,0.0
ffi2010-19022,tin2010-11890-e,0.0
p10-tic-6220,jc2010-0126,0.0
p10-tic-6220,tin2010-11890-e,0.0
p052-08-e26,jc2010-0126,5.0
p052-08-e26,tin2010-11890-e,2.0
otri-08-fcie44,jc2010-0126,0.0
otri-08-fcie44,tin2010-11890-e,3.0
p10-tep-6412,jc2010-0126,0.0
p10-tep-6412,tin2010-11890-e,0.0
otri-08-fcie36,otri-08-fcie39,3.0
0886-0060,otri-08-fcie36,3.0
0886-0060,otri-08-fcie39,3.0
pi-0398-2010,otri-08-fcie36,3.0
pi-0398-2010,otri-08-fcie39,3.0
0815-0378,otri-08-fcie36,5.0
0815-0378,otri-08-fcie39,3.0
0829-0380,otri-08-fcie36,0.0
0829-0380,otri-08-fcie39,0.0
0858-0365,otri-08-fcie36,3.0
0858-0365,otri-08-fcie39,3.0
otri-08-fcie42,otri-08-fcie36,3.0
otri-08-fcie42,otri-08-fcie39,5.0
0863-0011,otri-08-fcie36,3.0
0863-0011,otri-08-fcie39,3.0
p011-08-e15,otri-08-fcie36,5.0
p011-08-e15,otri-08-fcie39,3.0
agl2010-21982-c02-01,otri-08-fcie36,2.0
agl2010-21982-c02-01,otri-08-fcie39,0.0
ffi2010-19022,otri-08-fcie36,2.0
ffi2010-19022,otri-08-fcie39,2.0
p10-tic-6220,otri-08-fcie36,2.0
p10-tic-6220,otri-08-fcie39,2.0
p052-08-e26,otri-08-fcie36,2.0
p052-08-e26,otri-08-fcie39,2.0
otri-08-fcie44,otri-08-fcie36,3.0
otri-08-fcie44,otri-08-fcie39,3.0
p10-tep-6412,otri-08-fcie36,2.0
p10-tep-6412,otri-08-fcie39,0.0
0752-0356,rta2010-00064-c04-02,3.0
0886-0060,0752-0356,0.0
0886-0060,rta2010-00064-c04-02,2.0
0829-0380,0752-0356,0.0
0829-0380,rta2010-00064-c04-02,2.0
pi-0398-2010,0752-0356,0.0
pi-0398-2010,rta2010-00064-c04-02,2.0
0815-0378,0752-0356,3.0
0815-0378,rta2010-00064-c04-02,3.0
0858-0365,0752-0356,0.0
0858-0365,rta2010-00064-c04-02,0.0
otri-08-fcie42,0752-0356,2.0
otri-08-fcie42,rta2010-00064-c04-02,3.0
0863-0011,0752-0356,0.0
0863-0011,rta2010-00064-c04-02,2.0
p011-08-e15,0752-0356,3.0
p011-08-e15,rta2010-00064-c04-02,2.0
agl2010-21982-c02-01,0752-0356,3.0
agl2010-21982-c02-01,rta2010-00064-c04-02,2.0
ffi2010-19022,0752-0356,5.0
ffi2010-19022,rta2010-00064-c04-02,3.0
p10-tic-6220,0752-0356,5.0
p10-tic-6220,rta2010-00064-c04-02,3.0
p052-08-e26,0752-0356,5.0
p052-08-e26,rta2010-00064-c04-02,3.0
otri-08-fcie44,0752-0356,0.0
otri-08-fcie44,rta2010-00064-c04-02,2.0
p10-tep-6412,0752-0356,3.0
p10-tep-6412,rta2010-00064-c04-02,3.0
otri-08-fcie33,mtm2010-09259-e,0.0
p011-08-e15,otri-08-fcie33,3.0
p011-08-e15,mtm2010-09259-e,2.0
pi-0398-2010,otri-08-fcie33,2.0
pi-0398-2010,mtm2010-09259-e,2.0
0886-0060,otri-08-fcie33,2.0
0886-0060,mtm2010-09259-e,2.0
0829-0380,otri-08-fcie33,2.0
0829-0380,mtm2010-09259-e,2.0
0815-0378,otri-08-fcie33,2.0
0815-0378,mtm2010-09259-e,3.0
0858-0365,otri-08-fcie33,3.0
0858-0365,mtm2010-09259-e,0.0
otri-08-fcie42,otri-08-fcie33,3.0
otri-08-fcie42,mtm2010-09259-e,2.0
0863-0011,otri-08-fcie33,3.0
0863-0011,mtm2010-09259-e,2.0
agl2010-21982-c02-01,otri-08-fcie33,0.0
agl2010-21982-c02-01,mtm2010-09259-e,3.0
ffi2010-19022,otri-08-fcie33,3.0
ffi2010-19022,mtm2010-09259-e,2.0
p10-tic-6220,otri-08-fcie33,2.0
p10-tic-6220,mtm2010-09259-e,2.0
p052-08-e26,otri-08-fcie33,2.0
p052-08-e26,mtm2010-09259-e,3.0
otri-08-fcie44,otri-08-fcie33,3.0
otri-08-fcie44,mtm2010-09259-e,2.0
p10-tep-6412,otri-08-fcie33,0.0
p10-tep-6412,mtm2010-09259-e,3.0
pro-27,0823-0056,0.0
p011-08-e15,pro-27,2.0
p011-08-e15,0823-0056,3.0
0829-0380,pro-27,0.0
0829-0380,0823-0056,3.0
pi-0398-2010,pro-27,0.0
pi-0398-2010,0823-0056,0.0
0886-0060,pro-27,0.0
0886-0060,0823-0056,0.0
0815-0378,pro-27,2.0
0815-0378,0823-0056,0.0
0858-0365,pro-27,0.0
0858-0365,0823-0056,3.0
otri-08-fcie42,pro-27,0.0
otri-08-fcie42,0823-0056,2.0
0863-0011,pro-27,0.0
0863-0011,0823-0056,3.0
agl2010-21982-c02-01,pro-27,5.0
agl2010-21982-c02-01,0823-0056,0.0
ffi2010-19022,pro-27,2.0
ffi2010-19022,0823-0056,5.0
p10-tic-6220,pro-27,2.0
p10-tic-6220,0823-0056,2.0
p052-08-e26,pro-27,5.0
p052-08-e26,0823-0056,2.0
otri-08-fcie44,pro-27,0.0
otri-08-fcie44,0823-0056,3.0
p10-tep-6412,pro-27,2.0
p10-tep-6412,0823-0056,0.0
tin2010-20057-c03-02,bfu2010-15713,2.0
otri-08-pc37,tin2010-20057-c03-02,0.0
otri-08-pc37,bfu2010-15713,3.0
pro-reta,tin2010-20057-c03-02,3.0
pro-reta,bfu2010-15713,0.0
p011-08-e15,tin2010-20057-c03-02,2.0
p011-08-e15,bfu2010-15713,5.0
0829-0380,tin2010-20057-c03-02,3.0
0829-0380,bfu2010-15713,0.0
pi-0398-2010,tin2010-20057-c03-02,3.0
pi-0398-2010,bfu2010-15713,3.0
0886-0060,tin2010-20057-c03-02,3.0
0886-0060,bfu2010-15713,3.0
0815-0378,tin2010-20057-c03-02,5.0
0815-0378,bfu2010-15713,5.0
0858-0365,tin2010-20057-c03-02,0.0
0858-0365,bfu2010-15713,3.0
otri-08-fcie42,tin2010-20057-c03-02,3.0
otri-08-fcie42,bfu2010-15713,3.0
0863-0011,tin2010-20057-c03-02,3.0
0863-0011,bfu2010-15713,3.0
agl2010-21982-c02-01,tin2010-20057-c03-02,2.0
agl2010-21982-c02-01,bfu2010-15713,2.0
ffi2010-19022,tin2010-20057-c03-02,2.0
ffi2010-19022,bfu2010-15713,2.0
p10-tic-6220,tin2010-20057-c03-02,2.0
p10-tic-6220,bfu2010-15713,2.0
p052-08-e26,tin2010-20057-c03-02,2.0
p052-08-e26,bfu2010-15713,2.0
otri-08-fcie44,tin2010-20057-c03-02,3.0
otri-08-fcie44,bfu2010-15713,3.0
p10-tep-6412,tin2010-20057-c03-02,5.0
p10-tep-6412,bfu2010-15713,2.0
conv2010-004,0725-0343,2.0
p10-tep-6412,conv2010-004,5.0
p10-tep-6412,0725-0343,2.0
otri-08-pc37,conv2010-004,0.0
otri-08-pc37,0725-0343,2.0
pro-reta,conv2010-004,2.0
pro-reta,0725-0343,0.0
p011-08-e15,conv2010-004,3.0
p011-08-e15,0725-0343,3.0
0829-0380,conv2010-004,2.0
0829-0380,0725-0343,0.0
pi-0398-2010,conv2010-004,2.0
pi-0398-2010,0725-0343,2.0
0886-0060,conv2010-004,2.0
0886-0060,0725-0343,2.0
0815-0378,conv2010-004,5.0
0815-0378,0725-0343,3.0
0858-0365,conv2010-004,0.0
0858-0365,0725-0343,2.0
otri-08-fcie42,conv2010-004,2.0
otri-08-fcie42,0725-0343,2.0
0863-0011,conv2010-004,2.0
0863-0011,0725-0343,2.0
agl2010-21982-c02-01,conv2010-004,3.0
agl2010-21982-c02-01,0725-0343,3.0
ffi2010-19022,conv2010-004,3.0
ffi2010-19022,0725-0343,2.0
p10-tic-6220,conv2010-004,3.0
p10-tic-6220,0725-0343,2.0
p052-08-e26,conv2010-004,3.0
p052-08-e26,0725-0343,3.0
otri-08-fcie44,conv2010-004,2.0
otri-08-fcie44,0725-0343,2.0
mtm2010-15592,0881-0159,2.0
p10-tep-6412,mtm2010-15592,2.0
p10-tep-6412,0881-0159,0.0
pro-reta,mtm2010-15592,2.0
pro-reta,0881-0159,2.0
otri-08-pc37,mtm2010-15592,3.0
otri-08-pc37,0881-0159,3.0
p011-08-e15,mtm2010-15592,5.0
p011-08-e15,0881-0159,2.0
0829-0380,mtm2010-15592,2.0
0829-0380,0881-0159,2.0
pi-0398-2010,mtm2010-15592,2.0
pi-0398-2010,0881-0159,0.0
0886-0060,mtm2010-15592,2.0
0886-0060,0881-0159,0.0
0815-0378,mtm2010-15592,3.0
0815-0378,0881-0159,0.0
0858-0365,mtm2010-15592,3.0
0858-0365,0881-0159,2.0
otri-08-fcie42,mtm2010-15592,2.0
otri-08-fcie42,0881-0159,2.0
0863-0011,mtm2010-15592,3.0
0863-0011,0881-0159,2.0
agl2010-21982-c02-01,mtm2010-15592,2.0
agl2010-21982-c02-01,0881-0159,2.0
ffi2010-19022,mtm2010-15592,3.0
ffi2010-19022,0881-0159,3.0
p10-tic-6220,mtm2010-15592,2.0
p10-tic-6220,0881-0159,2.0
p052-08-e26,mtm2010-15592,2.0
p052-08-e26,0881-0159,3.0
otri-08-fcie44,mtm2010-15592,3.0
otri-08-fcie44,0881-0159,2.0
es-0173-2010,pi-0484-2010,2.0
otri-08-fcie44,es-0173-2010,5.0
otri-08-fcie44,pi-0484-2010,2.0
otri-08-pc37,es-0173-2010,3.0
otri-08-pc37,pi-0484-2010,2.0
p10-tep-6412,es-0173-2010,2.0
p10-tep-6412,pi-0484-2010,3.0
pro-reta,es-0173-2010,5.0
pro-reta,pi-0484-2010,2.0
p011-08-e15,es-0173-2010,3.0
p011-08-e15,pi-0484-2010,5.0
0829-0380,es-0173-2010,5.0
0829-0380,pi-0484-2010,2.0
pi-0398-2010,es-0173-2010,2.0
pi-0398-2010,pi-0484-2010,0.0
0886-0060,es-0173-2010,2.0
0886-0060,pi-0484-2010,0.0
0815-0378,es-0173-2010,2.0
0815-0378,pi-0484-2010,3.0
0858-0365,es-0173-2010,3.0
0858-0365,pi-0484-2010,2.0
otri-08-fcie42,es-0173-2010,2.0
otri-08-fcie42,pi-0484-2010,0.0
0863-0011,es-0173-2010,5.0
0863-0011,pi-0484-2010,2.0
agl2010-21982-c02-01,es-0173-2010,0.0
agl2010-21982-c02-01,pi-0484-2010,3.0
ffi2010-19022,es-0173-2010,3.0
ffi2010-19022,pi-0484-2010,5.0
p10-tic-6220,es-0173-2010,0.0
p10-tic-6220,pi-0484-2010,3.0
p052-08-e26,es-0173-2010,0.0
p052-08-e26,pi-0484-2010,3.0
0769-0178,otri-08-oe21,3.0
otri-08-fcie44,0769-0178,2.0
otri-08-fcie44,otri-08-oe21,3.0
pro-reta,0769-0178,0.0
pro-reta,otri-08-oe21,2.0
otri-08-pc37,0769-0178,2.0
otri-08-pc37,otri-08-oe21,3.0
p10-tep-6412,0769-0178,0.0
p10-tep-6412,otri-08-oe21,0.0
p011-08-e15,0769-0178,2.0
p011-08-e15,otri-08-oe21,3.0
0829-0380,0769-0178,0.0
0829-0380,otri-08-oe21,2.0
pi-0398-2010,0769-0178,2.0
pi-0398-2010,otri-08-oe21,2.0
0886-0060,0769-0178,2.0
0886-0060,otri-08-oe21,2.0
0815-0378,0769-0178,2.0
0815-0378,otri-08-oe21,2.0
0858-0365,0769-0178,2.0
0858-0365,otri-08-oe21,3.0
otri-08-fcie42,0769-0178,2.0
otri-08-fcie42,otri-08-oe21,2.0
0863-0011,0769-0178,2.0
0863-0011,otri-08-oe21,3.0
agl2010-21982-c02-01,0769-0178,3.0
agl2010-21982-c02-01,otri-08-oe21,2.0
ffi2010-19022,0769-0178,0.0
ffi2010-19022,otri-08-oe21,2.0
p10-tic-6220,0769-0178,0.0
p10-tic-6220,otri-08-oe21,0.0
p052-08-e26,0769-0178,3.0
p052-08-e26,otri-08-oe21,2.0
otri-08-oe20,0812-0005,2.0
0858-0365,otri-08-oe20,2.0
0858-0365,0812-0005,2.0
otri-08-pc37,otri-08-oe20,2.0
otri-08-pc37,0812-0005,3.0
otri-08-fcie44,otri-08-oe20,3.0
otri-08-fcie44,0812-0005,3.0
pro-reta,otri-08-oe20,3.0
pro-reta,0812-0005,2.0
p10-tep-6412,otri-08-oe20,3.0
p10-tep-6412,0812-0005,2.0
p011-08-e15,otri-08-oe20,3.0
p011-08-e15,0812-0005,2.0
0829-0380,otri-08-oe20,3.0
0829-0380,0812-0005,2.0
pi-0398-2010,otri-08-oe20,2.0
pi-0398-2010,0812-0005,3.0
0886-0060,otri-08-oe20,2.0
0886-0060,0812-0005,3.0
0815-0378,otri-08-oe20,3.0
0815-0378,0812-0005,3.0
otri-08-fcie42,otri-08-oe20,2.0
otri-08-fcie42,0812-0005,5.0
0863-0011,otri-08-oe20,3.0
0863-0011,0812-0005,3.0
agl2010-21982-c02-01,otri-08-oe20,2.0
agl2010-21982-c02-01,0812-0005,0.0
ffi2010-19022,otri-08-oe20,3.0
ffi2010-19022,0812-0005,2.0
p10-tic-6220,otri-08-oe20,2.0
p10-tic-6220,0812-0005,2.0
p052-08-e26,otri-08-oe20,2.0
p052-08-e26,0812-0005,2.0
p025-07-e05,otri-08-oe25,2.0
0858-0365,p025-07-e05,2.0
0858-0365,otri-08-oe25,3.0
pro-reta,p025-07-e05,2.0
pro-reta,otri-08-oe25,0.0
otri-08-pc37,p025-07-e05,5.0
otri-08-pc37,otri-08-oe25,5.0
otri-08-fcie44,p025-07-e05,2.0
otri-08-fcie44,otri-08-oe25,3.0
p10-tep-6412,p025-07-e05,0.0
p10-tep-6412,otri-08-oe25,0.0
p011-08-e15,p025-07-e05,2.0
p011-08-e15,otri-08-oe25,3.0
0829-0380,p025-07-e05,2.0
0829-0380,otri-08-oe25,0.0
pi-0398-2010,p025-07-e05,0.0
pi-0398-2010,otri-08-oe25,3.0
0886-0060,p025-07-e05,0.0
0886-0060,otri-08-oe25,3.0
0815-0378,p025-07-e05,0.0
0815-0378,otri-08-oe25,3.0
otri-08-fcie42,p025-07-e05,3.0
otri-08-fcie42,otri-08-oe25,5.0
0863-0011,p025-07-e05,2.0
0863-0011,otri-08-oe25,3.0
agl2010-21982-c02-01,p025-07-e05,0.0
agl2010-21982-c02-01,otri-08-oe25,0.0
ffi2010-19022,p025-07-e05,5.0
ffi2010-19022,otri-08-oe25,2.0
p10-tic-6220,p025-07-e05,3.0
p10-tic-6220,otri-08-oe25,2.0
p052-08-e26,p025-07-e05,3.0
p052-08-e26,otri-08-oe25,2.0
bfu2011-24513,otri-08-oe24,3.0
0815-0378,bfu2011-24513,3.0
0815-0378,otri-08-oe24,5.0
otri-08-pc37,bfu2011-24513,3.0
otri-08-pc37,otri-08-oe24,0.0
0858-0365,bfu2011-24513,3.0
0858-0365,otri-08-oe24,0.0
pro-reta,bfu2011-24513,3.0
pro-reta,otri-08-oe24,3.0
otri-08-fcie44,bfu2011-24513,5.0
otri-08-fcie44,otri-08-oe24,3.0
p10-tep-6412,bfu2011-24513,2.0
p10-tep-6412,otri-08-oe24,5.0
p011-08-e15,bfu2011-24513,3.0
p011-08-e15,otri-08-oe24,2.0
0829-0380,bfu2011-24513,3.0
0829-0380,otri-08-oe24,3.0
pi-0398-2010,bfu2011-24513,3.0
pi-0398-2010,otri-08-oe24,3.0
0886-0060,bfu2011-24513,3.0
0886-0060,otri-08-oe24,3.0
otri-08-fcie42,bfu2011-24513,3.0
otri-08-fcie42,otri-08-oe24,3.0
0863-0011,bfu2011-24513,5.0
0863-0011,otri-08-oe24,3.0
agl2010-21982-c02-01,bfu2011-24513,0.0
agl2010-21982-c02-01,otri-08-oe24,2.0
ffi2010-19022,bfu2011-24513,2.0
ffi2010-19022,otri-08-oe24,2.0
p10-tic-6220,bfu2011-24513,0.0
p10-tic-6220,otri-08-oe24,2.0
p052-08-e26,bfu2011-24513,0.0
p052-08-e26,otri-08-oe24,2.0
0857-0228,0772-0194,2.0
0815-0378,0857-0228,2.0
0815-0378,0772-0194,3.0
pro-reta,0857-0228,2.0
pro-reta,0772-0194,0.0
otri-08-pc37,0857-0228,3.0
otri-08-pc37,0772-0194,2.0
0858-0365,0857-0228,2.0
0858-0365,0772-0194,2.0
otri-08-fcie44,0857-0228,2.0
otri-08-fcie44,0772-0194,2.0
p10-tep-6412,0857-0228,2.0
p10-tep-6412,0772-0194,2.0
p011-08-e15,0857-0228,3.0
p011-08-e15,0772-0194,3.0
0829-0380,0857-0228,2.0
0829-0380,0772-0194,0.0
pi-0398-2010,0857-0228,0.0
pi-0398-2010,0772-0194,2.0
0886-0060,0857-0228,0.0
0886-0060,0772-0194,2.0
otri-08-fcie42,0857-0228,2.0
otri-08-fcie42,0772-0194,2.0
0863-0011,0857-0228,2.0
0863-0011,0772-0194,2.0
agl2010-21982-c02-01,0857-0228,2.0
agl2010-21982-c02-01,0772-0194,3.0
ffi2010-19022,0857-0228,5.0
ffi2010-19022,0772-0194,2.0
p10-tic-6220,0857-0228,3.0
p10-tic-6220,0772-0194,2.0
p052-08-e26,0857-0228,3.0
p052-08-e26,0772-0194,3.0
p041-06-e05,0558-0106,2.0
0886-0060,p041-06-e05,2.0
0886-0060,0558-0106,2.0
otri-08-pc37,p041-06-e05,5.0
otri-08-pc37,0558-0106,3.0
0815-0378,p041-06-e05,2.0
0815-0378,0558-0106,2.0
pro-reta,p041-06-e05,0.0
pro-reta,0558-0106,2.0
0858-0365,p041-06-e05,2.0
0858-0365,0558-0106,3.0
otri-08-fcie44,p041-06-e05,2.0
otri-08-fcie44,0558-0106,3.0
p10-tep-6412,p041-06-e05,0.0
p10-tep-6412,0558-0106,0.0
p011-08-e15,p041-06-e05,2.0
p011-08-e15,0558-0106,3.0
0829-0380,p041-06-e05,0.0
0829-0380,0558-0106,2.0
pi-0398-2010,p041-06-e05,2.0
pi-0398-2010,0558-0106,2.0
otri-08-fcie42,p041-06-e05,5.0
otri-08-fcie42,0558-0106,2.0
0863-0011,p041-06-e05,2.0
0863-0011,0558-0106,3.0
agl2010-21982-c02-01,p041-06-e05,0.0
agl2010-21982-c02-01,0558-0106,2.0
ffi2010-19022,p041-06-e05,3.0
ffi2010-19022,0558-0106,2.0
p10-tic-6220,p041-06-e05,3.0
p10-tic-6220,0558-0106,0.0
p052-08-e26,p041-06-e05,3.0
p052-08-e26,0558-0106,2.0
p10-agr-6609,cgl2011-23721,3.0
0886-0060,p10-agr-6609,2.0
0886-0060,cgl2011-23721,0.0
pro-reta,p10-agr-6609,2.0
pro-reta,cgl2011-23721,3.0
otri-08-pc37,p10-agr-6609,3.0
otri-08-pc37,cgl2011-23721,3.0
0815-0378,p10-agr-6609,3.0
0815-0378,cgl2011-23721,0.0
0858-0365,p10-agr-6609,3.0
0858-0365,cgl2011-23721,3.0
otri-08-fcie44,p10-agr-6609,3.0
otri-08-fcie44,cgl2011-23721,3.0
p10-tep-6412,p10-agr-6609,2.0
p10-tep-6412,cgl2011-23721,0.0
p011-08-e15,p10-agr-6609,5.0
p011-08-e15,cgl2011-23721,3.0
0829-0380,p10-agr-6609,2.0
0829-0380,cgl2011-23721,3.0
pi-0398-2010,p10-agr-6609,2.0
pi-0398-2010,cgl2011-23721,0.0
otri-08-fcie42,p10-agr-6609,2.0
otri-08-fcie42,cgl2011-23721,0.0
0863-0011,p10-agr-6609,3.0
0863-0011,cgl2011-23721,3.0
agl2010-21982-c02-01,p10-agr-6609,2.0
agl2010-21982-c02-01,cgl2011-23721,2.0
ffi2010-19022,p10-agr-6609,3.0
ffi2010-19022,cgl2011-23721,3.0
p10-tic-6220,p10-agr-6609,2.0
p10-tic-6220,cgl2011-23721,0.0
p052-08-e26,p10-agr-6609,2.0
p052-08-e26,cgl2011-23721,2.0
0821-0141,edu2010-10894-e,2.0
p011-08-e15,0821-0141,2.0
p011-08-e15,edu2010-10894-e,3.0
otri-08-pc37,0821-0141,0.0
otri-08-pc37,edu2010-10894-e,3.0
0886-0060,0821-0141,2.0
0886-0060,edu2010-10894-e,3.0
pro-reta,0821-0141,2.0
pro-reta,edu2010-10894-e,0.0
0815-0378,0821-0141,3.0
0815-0378,edu2010-10894-e,3.0
0858-0365,0821-0141,0.0
0858-0365,edu2010-10894-e,3.0
otri-08-fcie44,0821-0141,2.0
otri-08-fcie44,edu2010-10894-e,3.0
p10-tep-6412,0821-0141,3.0
p10-tep-6412,edu2010-10894-e,0.0
0829-0380,0821-0141,2.0
0829-0380,edu2010-10894-e,0.0
pi-0398-2010,0821-0141,2.0
pi-0398-2010,edu2010-10894-e,3.0
otri-08-fcie42,0821-0141,2.0
otri-08-fcie42,edu2010-10894-e,3.0
0863-0011,0821-0141,2.0
0863-0011,edu2010-10894-e,3.0
agl2010-21982-c02-01,0821-0141,3.0
agl2010-21982-c02-01,edu2010-10894-e,2.0
ffi2010-19022,0821-0141,2.0
ffi2010-19022,edu2010-10894-e,0.0
p10-tic-6220,0821-0141,2.0
p10-tic-6220,edu2010-10894-e,0.0
p052-08-e26,0821-0141,3.0
p052-08-e26,edu2010-10894-e,2.0
p054-06-e05,42-10,0.0
p011-08-e15,p054-06-e05,3.0
p011-08-e15,42-10,2.0
pro-reta,p054-06-e05,2.0
pro-reta,42-10,2.0
otri-08-pc37,p054-06-e05,2.0
otri-08-pc37,42-10,3.0
0886-0060,p054-06-e05,3.0
0886-0060,42-10,0.0
0815-0378,p054-06-e05,5.0
0815-0378,42-10,0.0
0858-0365,p054-06-e05,2.0
0858-0365,42-10,2.0
otri-08-fcie44,p054-06-e05,3.0
otri-08-fcie44,42-10,2.0
p10-tep-6412,p054-06-e05,3.0
p10-tep-6412,42-10,0.0
0829-0380,p054-06-e05,2.0
0829-0380,42-10,2.0
pi-0398-2010,p054-06-e05,3.0
pi-0398-2010,42-10,0.0
otri-08-fcie42,p054-06-e05,3.0
otri-08-fcie42,42-10,2.0
0863-0011,p054-06-e05,3.0
0863-0011,42-10,2.0
agl2010-21982-c02-01,p054-06-e05,2.0
agl2010-21982-c02-01,42-10,2.0
ffi2010-19022,p054-06-e05,2.0
ffi2010-19022,42-10,3.0
p10-tic-6220,p054-06-e05,2.0
p10-tic-6220,42-10,2.0
p052-08-e26,p054-06-e05,2.0
p052-08-e26,42-10,3.0
p007-08-e05,agl2010-20730-c02-02,3.0
exp: 224-2006-dgfp-00,p007-08-e05,3.0
exp: 224-2006-dgfp-00,agl2010-20730-c02-02,3.0
otri-08-pc39,p007-08-e05,2.0
otri-08-pc39,agl2010-20730-c02-02,2.0
p011-08-e15,p007-08-e05,5.0
p011-08-e15,agl2010-20730-c02-02,3.0
pro-reta,p007-08-e05,2.0
pro-reta,agl2010-20730-c02-02,2.0
otri-08-pc37,p007-08-e05,3.0
otri-08-pc37,agl2010-20730-c02-02,2.0
0886-0060,p007-08-e05,2.0
0886-0060,agl2010-20730-c02-02,0.0
0815-0378,p007-08-e05,3.0
0815-0378,agl2010-20730-c02-02,2.0
0858-0365,p007-08-e05,3.0
0858-0365,agl2010-20730-c02-02,2.0
otri-08-fcie44,p007-08-e05,3.0
otri-08-fcie44,agl2010-20730-c02-02,2.0
p10-tep-6412,p007-08-e05,2.0
p10-tep-6412,agl2010-20730-c02-02,2.0
0829-0380,p007-08-e05,2.0
0829-0380,agl2010-20730-c02-02,2.0
pi-0398-2010,p007-08-e05,2.0
pi-0398-2010,agl2010-20730-c02-02,0.0
otri-08-fcie42,p007-08-e05,2.0
otri-08-fcie42,agl2010-20730-c02-02,0.0
0863-0011,p007-08-e05,3.0
0863-0011,agl2010-20730-c02-02,2.0
agl2010-21982-c02-01,p007-08-e05,2.0
agl2010-21982-c02-01,agl2010-20730-c02-02,3.0
ffi2010-19022,p007-08-e05,3.0
ffi2010-19022,agl2010-20730-c02-02,3.0
p10-tic-6220,p007-08-e05,2.0
p10-tic-6220,agl2010-20730-c02-02,2.0
p052-08-e26,p007-08-e05,2.0
p052-08-e26,agl2010-20730-c02-02,3.0
otri-08-ct20,pr2010-0160,0.0
0886-0060,otri-08-ct20,3.0
0886-0060,pr2010-0160,5.0
exp: 224-2006-dgfp-00,otri-08-ct20,0.0
exp: 224-2006-dgfp-00,pr2010-0160,0.0
otri-08-pc39,otri-08-ct20,2.0
otri-08-pc39,pr2010-0160,0.0
p011-08-e15,otri-08-ct20,3.0
p011-08-e15,pr2010-0160,0.0
pro-reta,otri-08-ct20,0.0
pro-reta,pr2010-0160,5.0
otri-08-pc37,otri-08-ct20,5.0
otri-08-pc37,pr2010-0160,0.0
0815-0378,otri-08-ct20,3.0
0815-0378,pr2010-0160,5.0
0858-0365,otri-08-ct20,3.0
0858-0365,pr2010-0160,0.0
otri-08-fcie44,otri-08-ct20,3.0
otri-08-fcie44,pr2010-0160,5.0
p10-tep-6412,otri-08-ct20,0.0
p10-tep-6412,pr2010-0160,5.0
0829-0380,otri-08-ct20,0.0
0829-0380,pr2010-0160,5.0
pi-0398-2010,otri-08-ct20,3.0
pi-0398-2010,pr2010-0160,5.0
otri-08-fcie42,otri-08-ct20,5.0
otri-08-fcie42,pr2010-0160,5.0
0863-0011,otri-08-ct20,3.0
0863-0011,pr2010-0160,5.0
agl2010-21982-c02-01,otri-08-ct20,0.0
agl2010-21982-c02-01,pr2010-0160,0.0
ffi2010-19022,otri-08-ct20,2.0
ffi2010-19022,pr2010-0160,0.0
p10-tic-6220,otri-08-ct20,2.0
p10-tic-6220,pr2010-0160,0.0
p052-08-e26,otri-08-ct20,2.0
p052-08-e26,pr2010-0160,0.0
otri-08-ct25,0763-0359,0.0
0886-0060,otri-08-ct25,2.0
0886-0060,0763-0359,2.0
otri-08-pc39,otri-08-ct25,3.0
otri-08-pc39,0763-0359,0.0
exp: 224-2006-dgfp-00,otri-08-ct25,3.0
exp: 224-2006-dgfp-00,0763-0359,2.0
p011-08-e15,otri-08-ct25,3.0
p011-08-e15,0763-0359,3.0
pro-reta,otri-08-ct25,2.0
pro-reta,0763-0359,2.0
otri-08-pc37,otri-08-ct25,0.0
otri-08-pc37,0763-0359,3.0
0815-0378,otri-08-ct25,5.0
0815-0378,0763-0359,2.0
0858-0365,otri-08-ct25,0.0
0858-0365,0763-0359,3.0
otri-08-fcie44,otri-08-ct25,2.0
otri-08-fcie44,0763-0359,3.0
p10-tep-6412,otri-08-ct25,5.0
p10-tep-6412,0763-0359,0.0
0829-0380,otri-08-ct25,2.0
0829-0380,0763-0359,2.0
pi-0398-2010,otri-08-ct25,2.0
pi-0398-2010,0763-0359,2.0
otri-08-fcie42,otri-08-ct25,2.0
otri-08-fcie42,0763-0359,2.0
0863-0011,otri-08-ct25,2.0
0863-0011,0763-0359,3.0
agl2010-21982-c02-01,otri-08-ct25,3.0
agl2010-21982-c02-01,0763-0359,2.0
ffi2010-19022,otri-08-ct25,3.0
ffi2010-19022,0763-0359,2.0
p10-tic-6220,otri-08-ct25,3.0
p10-tic-6220,0763-0359,0.0
p052-08-e26,otri-08-ct25,3.0
p052-08-e26,0763-0359,2.0
pi-0443-2010,p061-06-e15,2.0
p10-tep-6412,pi-0443-2010,0.0
p10-tep-6412,p061-06-e15,0.0
exp: 224-2006-dgfp-00,pi-0443-2010,0.0
exp: 224-2006-dgfp-00,p061-06-e15,2.0
0886-0060,pi-0443-2010,3.0
0886-0060,p061-06-e15,0.0
otri-08-pc39,pi-0443-2010,2.0
otri-08-pc39,p061-06-e15,2.0
p011-08-e15,pi-0443-2010,3.0
p011-08-e15,p061-06-e15,2.0
pro-reta,pi-0443-2010,0.0
pro-reta,p061-06-e15,2.0
otri-08-pc37,pi-0443-2010,5.0
otri-08-pc37,p061-06-e15,3.0
0815-0378,pi-0443-2010,3.0
0815-0378,p061-06-e15,0.0
0858-0365,pi-0443-2010,3.0
0858-0365,p061-06-e15,2.0
otri-08-fcie44,pi-0443-2010,3.0
otri-08-fcie44,p061-06-e15,2.0
0829-0380,pi-0443-2010,0.0
0829-0380,p061-06-e15,2.0
pi-0398-2010,pi-0443-2010,3.0
pi-0398-2010,p061-06-e15,0.0
otri-08-fcie42,pi-0443-2010,5.0
otri-08-fcie42,p061-06-e15,2.0
0863-0011,pi-0443-2010,3.0
0863-0011,p061-06-e15,2.0
agl2010-21982-c02-01,pi-0443-2010,0.0
agl2010-21982-c02-01,p061-06-e15,2.0
ffi2010-19022,pi-0443-2010,2.0
ffi2010-19022,p061-06-e15,3.0
p10-tic-6220,pi-0443-2010,2.0
p10-tic-6220,p061-06-e15,2.0
p052-08-e26,pi-0443-2010,2.0
p052-08-e26,p061-06-e15,3.0
p045-07-e12,p003-08-e12,3.0
p10-tep-6412,p045-07-e12,0.0
p10-tep-6412,p003-08-e12,2.0
otri-08-pc39,p045-07-e12,0.0
otri-08-pc39,p003-08-e12,2.0
exp: 224-2006-dgfp-00,p045-07-e12,0.0
exp: 224-2006-dgfp-00,p003-08-e12,2.0
0886-0060,p045-07-e12,3.0
0886-0060,p003-08-e12,2.0
p011-08-e15,p045-07-e12,3.0
p011-08-e15,p003-08-e12,3.0
pro-reta,p045-07-e12,0.0
pro-reta,p003-08-e12,0.0
otri-08-pc37,p045-07-e12,3.0
otri-08-pc37,p003-08-e12,2.0
0815-0378,p045-07-e12,3.0
0815-0378,p003-08-e12,3.0
0858-0365,p045-07-e12,3.0
0858-0365,p003-08-e12,2.0
otri-08-fcie44,p045-07-e12,3.0
otri-08-fcie44,p003-08-e12,2.0
0829-0380,p045-07-e12,0.0
0829-0380,p003-08-e12,0.0
pi-0398-2010,p045-07-e12,3.0
pi-0398-2010,p003-08-e12,2.0
otri-08-fcie42,p045-07-e12,3.0
otri-08-fcie42,p003-08-e12,2.0
0863-0011,p045-07-e12,3.0
0863-0011,p003-08-e12,2.0
agl2010-21982-c02-01,p045-07-e12,2.0
agl2010-21982-c02-01,p003-08-e12,3.0
ffi2010-19022,p045-07-e12,0.0
ffi2010-19022,p003-08-e12,2.0
p10-tic-6220,p045-07-e12,0.0
p10-tic-6220,p003-08-e12,2.0
p052-08-e26,p045-07-e12,2.0
p052-08-e26,p003-08-e12,3.0
p10-cvi-5919,p008-07-e05,0.0
otri-08-fcie44,p10-cvi-5919,5.0
otri-08-fcie44,p008-07-e05,0.0
exp: 224-2006-dgfp-00,p10-cvi-5919,2.0
exp: 224-2006-dgfp-00,p008-07-e05,2.0
p10-tep-6412,p10-cvi-5919,3.0
p10-tep-6412,p008-07-e05,2.0
otri-08-pc39,p10-cvi-5919,0.0
otri-08-pc39,p008-07-e05,3.0
0886-0060,p10-cvi-5919,3.0
0886-0060,p008-07-e05,0.0
p011-08-e15,p10-cvi-5919,2.0
p011-08-e15,p008-07-e05,2.0
pro-reta,p10-cvi-5919,5.0
pro-reta,p008-07-e05,0.0
otri-08-pc37,p10-cvi-5919,2.0
otri-08-pc37,p008-07-e05,2.0
0815-0378,p10-cvi-5919,3.0
0815-0378,p008-07-e05,2.0
0858-0365,p10-cvi-5919,2.0
0858-0365,p008-07-e05,0.0
0829-0380,p10-cvi-5919,5.0
0829-0380,p008-07-e05,0.0
pi-0398-2010,p10-cvi-5919,3.0
pi-0398-2010,p008-07-e05,0.0
otri-08-fcie42,p10-cvi-5919,3.0
otri-08-fcie42,p008-07-e05,2.0
0863-0011,p10-cvi-5919,5.0
0863-0011,p008-07-e05,0.0
agl2010-21982-c02-01,p10-cvi-5919,0.0
agl2010-21982-c02-01,p008-07-e05,3.0
ffi2010-19022,p10-cvi-5919,2.0
ffi2010-19022,p008-07-e05,3.0
p10-tic-6220,p10-cvi-5919,0.0
p10-tic-6220,p008-07-e05,3.0
p052-08-e26,p10-cvi-5919,0.0
p052-08-e26,p008-07-e05,5.0
at2010-13-l5.2,ffi2010-09254-e,0.0
otri-08-fcie44,at2010-13-l5.2,3.0
otri-08-fcie44,ffi2010-09254-e,3.0
otri-08-pc39,at2010-13-l5.2,0.0
otri-08-pc39,ffi2010-09254-e,2.0
exp: 224-2006-dgfp-00,at2010-13-l5.2,0.0
exp: 224-2006-dgfp-00,ffi2010-09254-e,2.0
p10-tep-6412,at2010-13-l5.2,0.0
p10-tep-6412,ffi2010-09254-e,2.0
0886-0060,at2010-13-l5.2,3.0
0886-0060,ffi2010-09254-e,2.0
p011-08-e15,at2010-13-l5.2,3.0
p011-08-e15,ffi2010-09254-e,2.0
pro-reta,at2010-13-l5.2,0.0
pro-reta,ffi2010-09254-e,3.0
otri-08-pc37,at2010-13-l5.2,3.0
otri-08-pc37,ffi2010-09254-e,3.0
0815-0378,at2010-13-l5.2,3.0
0815-0378,ffi2010-09254-e,2.0
0858-0365,at2010-13-l5.2,3.0
0858-0365,ffi2010-09254-e,2.0
0829-0380,at2010-13-l5.2,0.0
0829-0380,ffi2010-09254-e,3.0
pi-0398-2010,at2010-13-l5.2,3.0
pi-0398-2010,ffi2010-09254-e,2.0
otri-08-fcie42,at2010-13-l5.2,3.0
otri-08-fcie42,ffi2010-09254-e,3.0
0863-0011,at2010-13-l5.2,3.0
0863-0011,ffi2010-09254-e,3.0
agl2010-21982-c02-01,at2010-13-l5.2,2.0
agl2010-21982-c02-01,ffi2010-09254-e,0.0
ffi2010-19022,at2010-13-l5.2,0.0
ffi2010-19022,ffi2010-09254-e,3.0
p10-tic-6220,at2010-13-l5.2,0.0
p10-tic-6220,ffi2010-09254-e,2.0
p052-08-e26,at2010-13-l5.2,2.0
p052-08-e26,ffi2010-09254-e,2.0
univer10-2010-41-0008,cso2010-22074-c03-01,2.0
0858-0365,univer10-2010-41-0008,0.0
0858-0365,cso2010-22074-c03-01,2.0
exp: 224-2006-dgfp-00,univer10-2010-41-0008,2.0
exp: 224-2006-dgfp-00,cso2010-22074-c03-01,0.0
otri-08-fcie44,univer10-2010-41-0008,2.0
otri-08-fcie44,cso2010-22074-c03-01,2.0
otri-08-pc39,univer10-2010-41-0008,3.0
otri-08-pc39,cso2010-22074-c03-01,2.0
p10-tep-6412,univer10-2010-41-0008,3.0
p10-tep-6412,cso2010-22074-c03-01,0.0
0886-0060,univer10-2010-41-0008,2.0
0886-0060,cso2010-22074-c03-01,2.0
p011-08-e15,univer10-2010-41-0008,2.0
p011-08-e15,cso2010-22074-c03-01,2.0
pro-reta,univer10-2010-41-0008,2.0
pro-reta,cso2010-22074-c03-01,0.0
otri-08-pc37,univer10-2010-41-0008,2.0
otri-08-pc37,cso2010-22074-c03-01,3.0
0815-0378,univer10-2010-41-0008,3.0
0815-0378,cso2010-22074-c03-01,2.0
0829-0380,univer10-2010-41-0008,2.0
0829-0380,cso2010-22074-c03-01,0.0
pi-0398-2010,univer10-2010-41-0008,2.0
pi-0398-2010,cso2010-22074-c03-01,2.0
otri-08-fcie42,univer10-2010-41-0008,3.0
otri-08-fcie42,cso2010-22074-c03-01,3.0
0863-0011,univer10-2010-41-0008,2.0
0863-0011,cso2010-22074-c03-01,2.0
agl2010-21982-c02-01,univer10-2010-41-0008,2.0
agl2010-21982-c02-01,cso2010-22074-c03-01,2.0
ffi2010-19022,univer10-2010-41-0008,3.0
ffi2010-19022,cso2010-22074-c03-01,2.0
p10-tic-6220,univer10-2010-41-0008,3.0
p10-tic-6220,cso2010-22074-c03-01,2.0
p052-08-e26,univer10-2010-41-0008,3.0
p052-08-e26,cso2010-22074-c03-01,3.0
agl2010-21210,cgl2010-11379-e,3.0
0858-0365,agl2010-21210,2.0
0858-0365,cgl2010-11379-e,2.0
otri-08-pc39,agl2010-21210,2.0
otri-08-pc39,cgl2010-11379-e,2.0
exp: 224-2006-dgfp-00,agl2010-21210,0.0
exp: 224-2006-dgfp-00,cgl2010-11379-e,2.0
otri-08-fcie44,agl2010-21210,2.0
otri-08-fcie44,cgl2010-11379-e,2.0
p10-tep-6412,agl2010-21210,0.0
p10-tep-6412,cgl2010-11379-e,0.0
0886-0060,agl2010-21210,2.0
0886-0060,cgl2010-11379-e,0.0
p011-08-e15,agl2010-21210,2.0
p011-08-e15,cgl2010-11379-e,2.0
pro-reta,agl2010-21210,0.0
pro-reta,cgl2010-11379-e,2.0
otri-08-pc37,agl2010-21210,3.0
otri-08-pc37,cgl2010-11379-e,3.0
0815-0378,agl2010-21210,2.0
0815-0378,cgl2010-11379-e,0.0
0829-0380,agl2010-21210,0.0
0829-0380,cgl2010-11379-e,2.0
pi-0398-2010,agl2010-21210,2.0
pi-0398-2010,cgl2010-11379-e,0.0
otri-08-fcie42,agl2010-21210,3.0
otri-08-fcie42,cgl2010-11379-e,2.0
0863-0011,agl2010-21210,2.0
0863-0011,cgl2010-11379-e,2.0
agl2010-21982-c02-01,agl2010-21210,2.0
agl2010-21982-c02-01,cgl2010-11379-e,2.0
ffi2010-19022,agl2010-21210,2.0
ffi2010-19022,cgl2010-11379-e,3.0
p10-tic-6220,agl2010-21210,2.0
p10-tic-6220,cgl2010-11379-e,2.0
p052-08-e26,agl2010-21210,3.0
p052-08-e26,cgl2010-11379-e,3.0
0819-0096,0828-0379,3.0
0815-0378,0819-0096,5.0
0815-0378,0828-0379,3.0
exp: 224-2006-dgfp-00,0819-0096,2.0
exp: 224-2006-dgfp-00,0828-0379,3.0
0858-0365,0819-0096,2.0
0858-0365,0828-0379,0.0
otri-08-pc39,0819-0096,2.0
otri-08-pc39,0828-0379,5.0
otri-08-fcie44,0819-0096,3.0
otri-08-fcie44,0828-0379,0.0
p10-tep-6412,0819-0096,3.0
p10-tep-6412,0828-0379,3.0
0886-0060,0819-0096,3.0
0886-0060,0828-0379,0.0
p011-08-e15,0819-0096,3.0
p011-08-e15,0828-0379,3.0
pro-reta,0819-0096,2.0
pro-reta,0828-0379,0.0
otri-08-pc37,0819-0096,2.0
otri-08-pc37,0828-0379,2.0
0829-0380,0819-0096,2.0
0829-0380,0828-0379,0.0
pi-0398-2010,0819-0096,3.0
pi-0398-2010,0828-0379,0.0
otri-08-fcie42,0819-0096,3.0
otri-08-fcie42,0828-0379,2.0
0863-0011,0819-0096,3.0
0863-0011,0828-0379,0.0
agl2010-21982-c02-01,0819-0096,2.0
agl2010-21982-c02-01,0828-0379,3.0
ffi2010-19022,0819-0096,2.0
ffi2010-19022,0828-0379,5.0
p10-tic-6220,0819-0096,2.0
p10-tic-6220,0828-0379,5.0
p052-08-e26,0819-0096,2.0
p052-08-e26,0828-0379,5.0
pr2010-0396,mtm2010-19298,3.0
0815-0378,pr2010-0396,2.0
0815-0378,mtm2010-19298,2.0
otri-08-pc39,pr2010-0396,2.0
otri-08-pc39,mtm2010-19298,2.0
exp: 224-2006-dgfp-00,pr2010-0396,0.0
exp: 224-2006-dgfp-00,mtm2010-19298,0.0
0858-0365,pr2010-0396,0.0
0858-0365,mtm2010-19298,2.0
otri-08-fcie44,pr2010-0396,2.0
otri-08-fcie44,mtm2010-19298,2.0
p10-tep-6412,pr2010-0396,2.0
p10-tep-6412,mtm2010-19298,0.0
0886-0060,pr2010-0396,2.0
0886-0060,mtm2010-19298,2.0
p011-08-e15,pr2010-0396,0.0
p011-08-e15,mtm2010-19298,2.0
pro-reta,pr2010-0396,2.0
pro-reta,mtm2010-19298,0.0
otri-08-pc37,pr2010-0396,2.0
otri-08-pc37,mtm2010-19298,3.0
0829-0380,pr2010-0396,2.0
0829-0380,mtm2010-19298,0.0
pi-0398-2010,pr2010-0396,2.0
pi-0398-2010,mtm2010-19298,2.0
otri-08-fcie42,pr2010-0396,3.0
otri-08-fcie42,mtm2010-19298,3.0
0863-0011,pr2010-0396,2.0
0863-0011,mtm2010-19298,2.0
agl2010-21982-c02-01,pr2010-0396,2.0
agl2010-21982-c02-01,mtm2010-19298,2.0
ffi2010-19022,pr2010-0396,2.0
ffi2010-19022,mtm2010-19298,2.0
p10-tic-6220,pr2010-0396,2.0
p10-tic-6220,mtm2010-19298,2.0
p052-08-e26,pr2010-0396,3.0
p052-08-e26,mtm2010-19298,3.0
pr2010-0153,pr2010-0032,3.0
p011-08-e15,pr2010-0153,2.0
p011-08-e15,pr2010-0032,3.0
exp: 224-2006-dgfp-00,pr2010-0153,0.0
exp: 224-2006-dgfp-00,pr2010-0032,2.0
0815-0378,pr2010-0153,3.0
0815-0378,pr2010-0032,3.0
otri-08-pc39,pr2010-0153,2.0
otri-08-pc39,pr2010-0032,0.0
0858-0365,pr2010-0153,2.0
0858-0365,pr2010-0032,3.0
otri-08-fcie44,pr2010-0153,3.0
otri-08-fcie44,pr2010-0032,5.0
p10-tep-6412,pr2010-0153,2.0
p10-tep-6412,pr2010-0032,2.0
0886-0060,pr2010-0153,3.0
0886-0060,pr2010-0032,3.0
pro-reta,pr2010-0153,2.0
pro-reta,pr2010-0032,3.0
otri-08-pc37,pr2010-0153,3.0
otri-08-pc37,pr2010-0032,3.0
0829-0380,pr2010-0153,2.0
0829-0380,pr2010-0032,3.0
pi-0398-2010,pr2010-0153,3.0
pi-0398-2010,pr2010-0032,3.0
otri-08-fcie42,pr2010-0153,5.0
otri-08-fcie42,pr2010-0032,3.0
0863-0011,pr2010-0153,3.0
0863-0011,pr2010-0032,5.0
agl2010-21982-c02-01,pr2010-0153,0.0
agl2010-21982-c02-01,pr2010-0032,0.0
ffi2010-19022,pr2010-0153,2.0
ffi2010-19022,pr2010-0032,2.0
p10-tic-6220,pr2010-0153,2.0
p10-tic-6220,pr2010-0032,0.0
p052-08-e26,pr2010-0153,2.0
p052-08-e26,pr2010-0032,0.0
ctq2010-21755-c02-02,pr2010-0157,3.0
p011-08-e15,ctq2010-21755-c02-02,2.0
p011-08-e15,pr2010-0157,3.0
otri-08-pc39,ctq2010-21755-c02-02,2.0
otri-08-pc39,pr2010-0157,3.0
exp: 224-2006-dgfp-00,ctq2010-21755-c02-02,2.0
exp: 224-2006-dgfp-00,pr2010-0157,3.0
0815-0378,ctq2010-21755-c02-02,0.0
0815-0378,pr2010-0157,2.0
0858-0365,ctq2010-21755-c02-02,2.0
0858-0365,pr2010-0157,2.0
otri-08-fcie44,ctq2010-21755-c02-02,2.0
otri-08-fcie44,pr2010-0157,2.0
p10-tep-6412,ctq2010-21755-c02-02,0.0
p10-tep-6412,pr2010-0157,2.0
0886-0060,ctq2010-21755-c02-02,0.0
0886-0060,pr2010-0157,0.0
pro-reta,ctq2010-21755-c02-02,2.0
pro-reta,pr2010-0157,2.0
otri-08-pc37,ctq2010-21755-c02-02,3.0
otri-08-pc37,pr2010-0157,3.0
0829-0380,ctq2010-21755-c02-02,2.0
0829-0380,pr2010-0157,2.0
pi-0398-2010,ctq2010-21755-c02-02,0.0
pi-0398-2010,pr2010-0157,0.0
otri-08-fcie42,ctq2010-21755-c02-02,2.0
otri-08-fcie42,pr2010-0157,2.0
0863-0011,ctq2010-21755-c02-02,2.0
0863-0011,pr2010-0157,2.0
agl2010-21982-c02-01,ctq2010-21755-c02-02,2.0
agl2010-21982-c02-01,pr2010-0157,2.0
ffi2010-19022,ctq2010-21755-c02-02,3.0
ffi2010-19022,pr2010-0157,5.0
p10-tic-6220,ctq2010-21755-c02-02,2.0
p10-tic-6220,pr2010-0157,3.0
p052-08-e26,ctq2010-21755-c02-02,3.0
p052-08-e26,pr2010-0157,3.0
pr2010-0035,fecyt 2007-017,5.0
cso2011-28480,pr2010-0035,2.0
cso2011-28480,fecyt 2007-017,5.0
bio2010-15430,pr2010-0035,3.0
bio2010-15430,fecyt 2007-017,5.0
p011-08-e15,pr2010-0035,2.0
p011-08-e15,fecyt 2007-017,0.0
otri-08-pc39,pr2010-0035,2.0
otri-08-pc39,fecyt 2007-017,0.0
exp: 224-2006-dgfp-00,pr2010-0035,0.0
exp: 224-2006-dgfp-00,fecyt 2007-017,0.0
0815-0378,pr2010-0035,2.0
0815-0378,fecyt 2007-017,0.0
0858-0365,pr2010-0035,2.0
0858-0365,fecyt 2007-017,0.0
otri-08-fcie44,pr2010-0035,2.0
otri-08-fcie44,fecyt 2007-017,0.0
p10-tep-6412,pr2010-0035,0.0
p10-tep-6412,fecyt 2007-017,0.0
0886-0060,pr2010-0035,2.0
0886-0060,fecyt 2007-017,0.0
pro-reta,pr2010-0035,0.0
pro-reta,fecyt 2007-017,0.0
otri-08-pc37,pr2010-0035,3.0
otri-08-pc37,fecyt 2007-017,0.0
0829-0380,pr2010-0035,0.0
0829-0380,fecyt 2007-017,0.0
pi-0398-2010,pr2010-0035,2.0
pi-0398-2010,fecyt 2007-017,0.0
otri-08-fcie42,pr2010-0035,3.0
otri-08-fcie42,fecyt 2007-017,0.0
0863-0011,pr2010-0035,2.0
0863-0011,fecyt 2007-017,0.0
agl2010-21982-c02-01,pr2010-0035,2.0
agl2010-21982-c02-01,fecyt 2007-017,5.0
ffi2010-19022,pr2010-0035,2.0
ffi2010-19022,fecyt 2007-017,0.0
p10-tic-6220,pr2010-0035,2.0
p10-tic-6220,fecyt 2007-017,0.0
p052-08-e26,pr2010-0035,3.0
p052-08-e26,fecyt 2007-017,5.0
0774-0168,pi-0525-2010,5.0
0886-0060,0774-0168,0.0
0886-0060,pi-0525-2010,0.0
cso2011-28480,0774-0168,2.0
cso2011-28480,pi-0525-2010,0.0
bio2010-15430,0774-0168,2.0
bio2010-15430,pi-0525-2010,3.0
p011-08-e15,0774-0168,3.0
p011-08-e15,pi-0525-2010,2.0
otri-08-pc39,0774-0168,3.0
otri-08-pc39,pi-0525-2010,5.0
exp: 224-2006-dgfp-00,0774-0168,3.0
exp: 224-2006-dgfp-00,pi-0525-2010,2.0
0815-0378,0774-0168,2.0
0815-0378,pi-0525-2010,2.0
0858-0365,0774-0168,2.0
0858-0365,pi-0525-2010,0.0
otri-08-fcie44,0774-0168,2.0
otri-08-fcie44,pi-0525-2010,0.0
p10-tep-6412,0774-0168,2.0
p10-tep-6412,pi-0525-2010,2.0
pro-reta,0774-0168,2.0
pro-reta,pi-0525-2010,0.0
otri-08-pc37,0774-0168,3.0
otri-08-pc37,pi-0525-2010,3.0
0829-0380,0774-0168,2.0
0829-0380,pi-0525-2010,0.0
pi-0398-2010,0774-0168,0.0
pi-0398-2010,pi-0525-2010,0.0
otri-08-fcie42,0774-0168,2.0
otri-08-fcie42,pi-0525-2010,3.0
0863-0011,0774-0168,2.0
0863-0011,pi-0525-2010,0.0
agl2010-21982-c02-01,0774-0168,2.0
agl2010-21982-c02-01,pi-0525-2010,2.0
ffi2010-19022,0774-0168,5.0
ffi2010-19022,pi-0525-2010,5.0
p10-tic-6220,0774-0168,3.0
p10-tic-6220,pi-0525-2010,5.0
p052-08-e26,0774-0168,3.0
p052-08-e26,pi-0525-2010,5.0
fit-340503-2007-1,psi2010-16825,2.0
0886-0060,fit-340503-2007-1,5.0
0886-0060,psi2010-16825,3.0
bio2010-15430,fit-340503-2007-1,0.0
bio2010-15430,psi2010-16825,0.0
cso2011-28480,fit-340503-2007-1,0.0
cso2011-28480,psi2010-16825,2.0
p011-08-e15,fit-340503-2007-1,5.0
p011-08-e15,psi2010-16825,3.0
otri-08-pc39,fit-340503-2007-1,0.0
otri-08-pc39,psi2010-16825,0.0
exp: 224-2006-dgfp-00,fit-340503-2007-1,0.0
exp: 224-2006-dgfp-00,psi2010-16825,2.0
0815-0378,fit-340503-2007-1,5.0
0815-0378,psi2010-16825,3.0
0858-0365,fit-340503-2007-1,5.0
0858-0365,psi2010-16825,3.0
otri-08-fcie44,fit-340503-2007-1,5.0
otri-08-fcie44,psi2010-16825,5.0
p10-tep-6412,fit-340503-2007-1,0.0
p10-tep-6412,psi2010-16825,2.0
pro-reta,fit-340503-2007-1,0.0
pro-reta,psi2010-16825,3.0
otri-08-pc37,fit-340503-2007-1,5.0
otri-08-pc37,psi2010-16825,3.0
0829-0380,fit-340503-2007-1,0.0
0829-0380,psi2010-16825,3.0
pi-0398-2010,fit-340503-2007-1,5.0
pi-0398-2010,psi2010-16825,3.0
otri-08-fcie42,fit-340503-2007-1,5.0
otri-08-fcie42,psi2010-16825,3.0
0863-0011,fit-340503-2007-1,5.0
0863-0011,psi2010-16825,5.0
agl2010-21982-c02-01,fit-340503-2007-1,0.0
agl2010-21982-c02-01,psi2010-16825,0.0
ffi2010-19022,fit-340503-2007-1,0.0
ffi2010-19022,psi2010-16825,2.0
p10-tic-6220,fit-340503-2007-1,0.0
p10-tic-6220,psi2010-16825,0.0
p052-08-e26,fit-340503-2007-1,0.0
p052-08-e26,psi2010-16825,0.0
0782-0366,univer10-2010-41-0010,2.0
otri-08-fcie44,0782-0366,2.0
otri-08-fcie44,univer10-2010-41-0010,0.0
cso2011-28480,0782-0366,3.0
cso2011-28480,univer10-2010-41-0010,0.0
0886-0060,0782-0366,0.0
0886-0060,univer10-2010-41-0010,0.0
bio2010-15430,0782-0366,3.0
bio2010-15430,univer10-2010-41-0010,2.0
p011-08-e15,0782-0366,2.0
p011-08-e15,univer10-2010-41-0010,3.0
otri-08-pc39,0782-0366,2.0
otri-08-pc39,univer10-2010-41-0010,5.0
exp: 224-2006-dgfp-00,0782-0366,2.0
exp: 224-2006-dgfp-00,univer10-2010-41-0010,3.0
0815-0378,0782-0366,0.0
0815-0378,univer10-2010-41-0010,3.0
0858-0365,0782-0366,2.0
0858-0365,univer10-2010-41-0010,0.0
p10-tep-6412,0782-0366,0.0
p10-tep-6412,univer10-2010-41-0010,3.0
pro-reta,0782-0366,2.0
pro-reta,univer10-2010-41-0010,0.0
otri-08-pc37,0782-0366,3.0
otri-08-pc37,univer10-2010-41-0010,2.0
0829-0380,0782-0366,2.0
0829-0380,univer10-2010-41-0010,0.0
pi-0398-2010,0782-0366,0.0
pi-0398-2010,univer10-2010-41-0010,0.0
otri-08-fcie42,0782-0366,2.0
otri-08-fcie42,univer10-2010-41-0010,2.0
0863-0011,0782-0366,2.0
0863-0011,univer10-2010-41-0010,0.0
agl2010-21982-c02-01,0782-0366,2.0
agl2010-21982-c02-01,univer10-2010-41-0010,3.0
ffi2010-19022,0782-0366,3.0
ffi2010-19022,univer10-2010-41-0010,5.0
p10-tic-6220,0782-0366,2.0
p10-tic-6220,univer10-2010-41-0010,5.0
p052-08-e26,0782-0366,3.0
p052-08-e26,univer10-2010-41-0010,5.0
rm2010-00009-c03-03,0893-0335,2.0
otri-08-fcie44,rm2010-00009-c03-03,3.0
otri-08-fcie44,0893-0335,2.0
bio2010-15430,rm2010-00009-c03-03,2.0
bio2010-15430,0893-0335,2.0
cso2011-28480,rm2010-00009-c03-03,3.0
cso2011-28480,0893-0335,0.0
0886-0060,rm2010-00009-c03-03,0.0
0886-0060,0893-0335,2.0
p011-08-e15,rm2010-00009-c03-03,3.0
p011-08-e15,0893-0335,3.0
otri-08-pc39,rm2010-00009-c03-03,2.0
otri-08-pc39,0893-0335,3.0
exp: 224-2006-dgfp-00,rm2010-00009-c03-03,3.0
exp: 224-2006-dgfp-00,0893-0335,2.0
0815-0378,rm2010-00009-c03-03,0.0
0815-0378,0893-0335,3.0
0858-0365,rm2010-00009-c03-03,3.0
0858-0365,0893-0335,2.0
p10-tep-6412,rm2010-00009-c03-03,0.0
p10-tep-6412,0893-0335,2.0
pro-reta,rm2010-00009-c03-03,3.0
pro-reta,0893-0335,0.0
otri-08-pc37,rm2010-00009-c03-03,5.0
otri-08-pc37,0893-0335,3.0
0829-0380,rm2010-00009-c03-03,3.0
0829-0380,0893-0335,0.0
pi-0398-2010,rm2010-00009-c03-03,0.0
pi-0398-2010,0893-0335,2.0
otri-08-fcie42,rm2010-00009-c03-03,2.0
otri-08-fcie42,0893-0335,3.0
0863-0011,rm2010-00009-c03-03,3.0
0863-0011,0893-0335,2.0
agl2010-21982-c02-01,rm2010-00009-c03-03,0.0
agl2010-21982-c02-01,0893-0335,2.0
ffi2010-19022,rm2010-00009-c03-03,5.0
ffi2010-19022,0893-0335,3.0
p10-tic-6220,rm2010-00009-c03-03,2.0
p10-tic-6220,0893-0335,3.0
p052-08-e26,rm2010-00009-c03-03,2.0
p052-08-e26,0893-0335,3.0
0799-0137,0806-0373,2.0
p10-tep-6412,0799-0137,0.0
p10-tep-6412,0806-0373,0.0
cso2011-28480,0799-0137,0.0
cso2011-28480,0806-0373,2.0
otri-08-fcie44,0799-0137,5.0
otri-08-fcie44,0806-0373,2.0
bio2010-15430,0799-0137,0.0
bio2010-15430,0806-0373,3.0
0886-0060,0799-0137,5.0
0886-0060,0806-0373,2.0
p011-08-e15,0799-0137,5.0
p011-08-e15,0806-0373,2.0
otri-08-pc39,0799-0137,0.0
otri-08-pc39,0806-0373,2.0
exp: 224-2006-dgfp-00,0799-0137,0.0
exp: 224-2006-dgfp-00,0806-0373,0.0
0815-0378,0799-0137,5.0
0815-0378,0806-0373,2.0
0858-0365,0799-0137,5.0
0858-0365,0806-0373,2.0
pro-reta,0799-0137,0.0
pro-reta,0806-0373,0.0
otri-08-pc37,0799-0137,5.0
otri-08-pc37,0806-0373,3.0
0829-0380,0799-0137,0.0
0829-0380,0806-0373,0.0
pi-0398-2010,0799-0137,5.0
pi-0398-2010,0806-0373,2.0
otri-08-fcie42,0799-0137,5.0
otri-08-fcie42,0806-0373,3.0
0863-0011,0799-0137,5.0
0863-0011,0806-0373,2.0
agl2010-21982-c02-01,0799-0137,0.0
agl2010-21982-c02-01,0806-0373,2.0
ffi2010-19022,0799-0137,0.0
ffi2010-19022,0806-0373,2.0
p10-tic-6220,0799-0137,0.0
p10-tic-6220,0806-0373,2.0
p052-08-e26,0799-0137,0.0
p052-08-e26,0806-0373,3.0
bio2011-28847-c02-02,0838-0381,2.0
p10-tep-6412,bio2011-28847-c02-02,3.0
p10-tep-6412,0838-0381,0.0
bio2010-15430,bio2011-28847-c02-02,0.0
bio2010-15430,0838-0381,2.0
cso2011-28480,bio2011-28847-c02-02,0.0
cso2011-28480,0838-0381,2.0
otri-08-fcie44,bio2011-28847-c02-02,5.0
otri-08-fcie44,0838-0381,3.0
0886-0060,bio2011-28847-c02-02,5.0
0886-0060,0838-0381,2.0
p011-08-e15,bio2011-28847-c02-02,2.0
p011-08-e15,0838-0381,3.0
otri-08-pc39,bio2011-28847-c02-02,0.0
otri-08-pc39,0838-0381,2.0
exp: 224-2006-dgfp-00,bio2011-28847-c02-02,0.0
exp: 224-2006-dgfp-00,0838-0381,2.0
0815-0378,bio2011-28847-c02-02,5.0
0815-0378,0838-0381,2.0
0858-0365,bio2011-28847-c02-02,2.0
0858-0365,0838-0381,3.0
pro-reta,bio2011-28847-c02-02,3.0
pro-reta,0838-0381,2.0
otri-08-pc37,bio2011-28847-c02-02,2.0
otri-08-pc37,0838-0381,5.0
0829-0380,bio2011-28847-c02-02,3.0
0829-0380,0838-0381,2.0
pi-0398-2010,bio2011-28847-c02-02,5.0
pi-0398-2010,0838-0381,2.0
otri-08-fcie42,bio2011-28847-c02-02,5.0
otri-08-fcie42,0838-0381,3.0
0863-0011,bio2011-28847-c02-02,5.0
0863-0011,0838-0381,3.0
agl2010-21982-c02-01,bio2011-28847-c02-02,0.0
agl2010-21982-c02-01,0838-0381,0.0
ffi2010-19022,bio2011-28847-c02-02,0.0
ffi2010-19022,0838-0381,3.0
p10-tic-6220,bio2011-28847-c02-02,0.0
p10-tic-6220,0838-0381,2.0
p052-08-e26,bio2011-28847-c02-02,0.0
p052-08-e26,0838-0381,2.0
ffi2010-11158-e,agl2011-29893-c02-01,3.0
0858-0365,ffi2010-11158-e,2.0
0858-0365,agl2011-29893-c02-01,0.0
cso2011-28480,ffi2010-11158-e,2.0
cso2011-28480,agl2011-29893-c02-01,0.0
p10-tep-6412,ffi2010-11158-e,0.0
p10-tep-6412,agl2011-29893-c02-01,2.0
bio2010-15430,ffi2010-11158-e,3.0
bio2010-15430,agl2011-29893-c02-01,3.0
otri-08-fcie44,ffi2010-11158-e,2.0
otri-08-fcie44,agl2011-29893-c02-01,2.0
0886-0060,ffi2010-11158-e,2.0
0886-0060,agl2011-29893-c02-01,2.0
p011-08-e15,ffi2010-11158-e,2.0
p011-08-e15,agl2011-29893-c02-01,0.0
otri-08-pc39,ffi2010-11158-e,2.0
otri-08-pc39,agl2011-29893-c02-01,3.0
exp: 224-2006-dgfp-00,ffi2010-11158-e,0.0
exp: 224-2006-dgfp-00,agl2011-29893-c02-01,0.0
0815-0378,ffi2010-11158-e,2.0
0815-0378,agl2011-29893-c02-01,2.0
pro-reta,ffi2010-11158-e,0.0
pro-reta,agl2011-29893-c02-01,2.0
otri-08-pc37,ffi2010-11158-e,3.0
otri-08-pc37,agl2011-29893-c02-01,3.0
0829-0380,ffi2010-11158-e,0.0
0829-0380,agl2011-29893-c02-01,2.0
pi-0398-2010,ffi2010-11158-e,2.0
pi-0398-2010,agl2011-29893-c02-01,2.0
otri-08-fcie42,ffi2010-11158-e,3.0
otri-08-fcie42,agl2011-29893-c02-01,5.0
0863-0011,ffi2010-11158-e,2.0
0863-0011,agl2011-29893-c02-01,2.0
agl2010-21982-c02-01,ffi2010-11158-e,2.0
agl2010-21982-c02-01,agl2011-29893-c02-01,0.0
ffi2010-19022,ffi2010-11158-e,2.0
ffi2010-19022,agl2011-29893-c02-01,3.0
p10-tic-6220,ffi2010-11158-e,2.0
p10-tic-6220,agl2011-29893-c02-01,3.0
p052-08-e26,ffi2010-11158-e,3.0
p052-08-e26,agl2011-29893-c02-01,3.0
p033-06-e12,0841-0382,3.0
0858-0365,p033-06-e12,0.0
0858-0365,0841-0382,0.0
bio2010-15430,p033-06-e12,5.0
bio2010-15430,0841-0382,3.0
cso2011-28480,p033-06-e12,2.0
cso2011-28480,0841-0382,2.0
p10-tep-6412,p033-06-e12,0.0
p10-tep-6412,0841-0382,2.0
otri-08-fcie44,p033-06-e12,0.0
otri-08-fcie44,0841-0382,0.0
0886-0060,p033-06-e12,0.0
0886-0060,0841-0382,0.0
p011-08-e15,p033-06-e12,0.0
p011-08-e15,0841-0382,2.0
otri-08-pc39,p033-06-e12,3.0
otri-08-pc39,0841-0382,3.0
exp: 224-2006-dgfp-00,p033-06-e12,0.0
exp: 224-2006-dgfp-00,0841-0382,2.0
0815-0378,p033-06-e12,0.0
0815-0378,0841-0382,2.0
pro-reta,p033-06-e12,0.0
pro-reta,0841-0382,0.0
otri-08-pc37,p033-06-e12,3.0
otri-08-pc37,0841-0382,2.0
0829-0380,p033-06-e12,0.0
0829-0380,0841-0382,0.0
pi-0398-2010,p033-06-e12,0.0
pi-0398-2010,0841-0382,0.0
otri-08-fcie42,p033-06-e12,3.0
otri-08-fcie42,0841-0382,2.0
0863-0011,p033-06-e12,0.0
0863-0011,0841-0382,0.0
agl2010-21982-c02-01,p033-06-e12,2.0
agl2010-21982-c02-01,0841-0382,3.0
ffi2010-19022,p033-06-e12,3.0
ffi2010-19022,0841-0382,3.0
p10-tic-6220,p033-06-e12,3.0
p10-tic-6220,0841-0382,3.0
p052-08-e26,p033-06-e12,5.0
p052-08-e26,0841-0382,5.0
pr2010-0026,p10-tep-6332,0.0
0815-0378,pr2010-0026,3.0
0815-0378,p10-tep-6332,3.0
cso2011-28480,pr2010-0026,2.0
cso2011-28480,p10-tep-6332,2.0
0858-0365,pr2010-0026,2.0
0858-0365,p10-tep-6332,2.0
bio2010-15430,pr2010-0026,0.0
bio2010-15430,p10-tep-6332,2.0
p10-tep-6412,pr2010-0026,3.0
p10-tep-6412,p10-tep-6332,2.0
otri-08-fcie44,pr2010-0026,5.0
otri-08-fcie44,p10-tep-6332,2.0
0886-0060,pr2010-0026,3.0
0886-0060,p10-tep-6332,2.0
p011-08-e15,pr2010-0026,2.0
p011-08-e15,p10-tep-6332,3.0
otri-08-pc39,pr2010-0026,0.0
otri-08-pc39,p10-tep-6332,2.0
exp: 224-2006-dgfp-00,pr2010-0026,2.0
exp: 224-2006-dgfp-00,p10-tep-6332,2.0
pro-reta,pr2010-0026,5.0
pro-reta,p10-tep-6332,0.0
otri-08-pc37,pr2010-0026,2.0
otri-08-pc37,p10-tep-6332,2.0
0829-0380,pr2010-0026,5.0
0829-0380,p10-tep-6332,0.0
pi-0398-2010,pr2010-0026,3.0
pi-0398-2010,p10-tep-6332,2.0
otri-08-fcie42,pr2010-0026,3.0
otri-08-fcie42,p10-tep-6332,2.0
0863-0011,pr2010-0026,5.0
0863-0011,p10-tep-6332,2.0
agl2010-21982-c02-01,pr2010-0026,0.0
agl2010-21982-c02-01,p10-tep-6332,3.0
ffi2010-19022,pr2010-0026,2.0
ffi2010-19022,p10-tep-6332,2.0
p10-tic-6220,pr2010-0026,0.0
p10-tic-6220,p10-tep-6332,2.0
p052-08-e26,pr2010-0026,0.0
p052-08-e26,p10-tep-6332,3.0
mtm2010-09268-e,es-0403-2010,3.0
0815-0378,mtm2010-09268-e,2.0
0815-0378,es-0403-2010,2.0
bio2010-15430,mtm2010-09268-e,2.0
bio2010-15430,es-0403-2010,3.0
cso2011-28480,mtm2010-09268-e,3.0
cso2011-28480,es-0403-2010,3.0
0858-0365,mtm2010-09268-e,2.0
0858-0365,es-0403-2010,0.0
p10-tep-6412,mtm2010-09268-e,2.0
p10-tep-6412,es-0403-2010,2.0
otri-08-fcie44,mtm2010-09268-e,3.0
otri-08-fcie44,es-0403-2010,0.0
0886-0060,mtm2010-09268-e,2.0
0886-0060,es-0403-2010,0.0
p011-08-e15,mtm2010-09268-e,2.0
p011-08-e15,es-0403-2010,2.0
otri-08-pc39,mtm2010-09268-e,0.0
otri-08-pc39,es-0403-2010,2.0
exp: 224-2006-dgfp-00,mtm2010-09268-e,2.0
exp: 224-2006-dgfp-00,es-0403-2010,2.0
pro-reta,mtm2010-09268-e,3.0
pro-reta,es-0403-2010,0.0
otri-08-pc37,mtm2010-09268-e,2.0
otri-08-pc37,es-0403-2010,0.0
0829-0380,mtm2010-09268-e,3.0
0829-0380,es-0403-2010,0.0
pi-0398-2010,mtm2010-09268-e,2.0
pi-0398-2010,es-0403-2010,0.0
otri-08-fcie42,mtm2010-09268-e,2.0
otri-08-fcie42,es-0403-2010,0.0
0863-0011,mtm2010-09268-e,3.0
0863-0011,es-0403-2010,0.0
agl2010-21982-c02-01,mtm2010-09268-e,2.0
agl2010-21982-c02-01,es-0403-2010,5.0
ffi2010-19022,mtm2010-09268-e,2.0
ffi2010-19022,es-0403-2010,2.0
p10-tic-6220,mtm2010-09268-e,0.0
p10-tic-6220,es-0403-2010,2.0
p052-08-e26,mtm2010-09268-e,2.0
p052-08-e26,es-0403-2010,5.0
tec2010-18937,pr2010-0028,0.0
p011-08-e15,tec2010-18937,0.0
p011-08-e15,pr2010-0028,3.0
cso2011-28480,tec2010-18937,3.0
cso2011-28480,pr2010-0028,0.0
0815-0378,tec2010-18937,0.0
0815-0378,pr2010-0028,5.0
bio2010-15430,tec2010-18937,5.0
bio2010-15430,pr2010-0028,0.0
0858-0365,tec2010-18937,0.0
0858-0365,pr2010-0028,2.0
p10-tep-6412,tec2010-18937,0.0
p10-tep-6412,pr2010-0028,3.0
otri-08-fcie44,tec2010-18937,0.0
otri-08-fcie44,pr2010-0028,3.0
0886-0060,tec2010-18937,0.0
0886-0060,pr2010-0028,3.0
otri-08-pc39,tec2010-18937,2.0
otri-08-pc39,pr2010-0028,2.0
exp: 224-2006-dgfp-00,tec2010-18937,0.0
exp: 224-2006-dgfp-00,pr2010-0028,2.0
pro-reta,tec2010-18937,0.0
pro-reta,pr2010-0028,2.0
otri-08-pc37,tec2010-18937,2.0
otri-08-pc37,pr2010-0028,2.0
0829-0380,tec2010-18937,0.0
0829-0380,pr2010-0028,2.0
pi-0398-2010,tec2010-18937,0.0
pi-0398-2010,pr2010-0028,3.0
otri-08-fcie42,tec2010-18937,2.0
otri-08-fcie42,pr2010-0028,3.0
0863-0011,tec2010-18937,0.0
0863-0011,pr2010-0028,3.0
agl2010-21982-c02-01,tec2010-18937,3.0
agl2010-21982-c02-01,pr2010-0028,2.0
ffi2010-19022,tec2010-18937,2.0
ffi2010-19022,pr2010-0028,2.0
p10-tic-6220,tec2010-18937,2.0
p10-tic-6220,pr2010-0028,2.0
p052-08-e26,tec2010-18937,5.0
p052-08-e26,pr2010-0028,2.0
pi-0444-2010,mat2010-21404-c02-02,0.0
p011-08-e15,pi-0444-2010,0.0
p011-08-e15,mat2010-21404-c02-02,5.0
bio2010-15430,pi-0444-2010,3.0
bio2010-15430,mat2010-21404-c02-02,0.0
cso2011-28480,pi-0444-2010,2.0
cso2011-28480,mat2010-21404-c02-02,2.0
0815-0378,pi-0444-2010,2.0
0815-0378,mat2010-21404-c02-02,3.0
0858-0365,pi-0444-2010,0.0
0858-0365,mat2010-21404-c02-02,3.0
p10-tep-6412,pi-0444-2010,2.0
p10-tep-6412,mat2010-21404-c02-02,2.0
otri-08-fcie44,pi-0444-2010,2.0
otri-08-fcie44,mat2010-21404-c02-02,3.0
0886-0060,pi-0444-2010,2.0
0886-0060,mat2010-21404-c02-02,2.0
otri-08-pc39,pi-0444-2010,2.0
otri-08-pc39,mat2010-21404-c02-02,2.0
exp: 224-2006-dgfp-00,pi-0444-2010,0.0
exp: 224-2006-dgfp-00,mat2010-21404-c02-02,3.0
pro-reta,pi-0444-2010,2.0
pro-reta,mat2010-21404-c02-02,2.0
otri-08-pc37,pi-0444-2010,2.0
otri-08-pc37,mat2010-21404-c02-02,3.0
0829-0380,pi-0444-2010,2.0
0829-0380,mat2010-21404-c02-02,2.0
pi-0398-2010,pi-0444-2010,2.0
pi-0398-2010,mat2010-21404-c02-02,2.0
otri-08-fcie42,pi-0444-2010,3.0
otri-08-fcie42,mat2010-21404-c02-02,2.0
0863-0011,pi-0444-2010,2.0
0863-0011,mat2010-21404-c02-02,3.0
agl2010-21982-c02-01,pi-0444-2010,2.0
agl2010-21982-c02-01,mat2010-21404-c02-02,2.0
ffi2010-19022,pi-0444-2010,2.0
ffi2010-19022,mat2010-21404-c02-02,3.0
p10-tic-6220,pi-0444-2010,2.0
p10-tic-6220,mat2010-21404-c02-02,2.0
p052-08-e26,pi-0444-2010,3.0
p052-08-e26,mat2010-21404-c02-02,2.0
mtm2010-19576-c02-01,p10-cts-5884,2.0
es-0427-2010,mtm2010-19576-c02-01,0.0
es-0427-2010,p10-cts-5884,2.0
otri-08-fcie50,mtm2010-19576-c02-01,2.0
otri-08-fcie50,p10-cts-5884,3.0
p011-08-e15,mtm2010-19576-c02-01,5.0
p011-08-e15,p10-cts-5884,2.0
bio2010-15430,mtm2010-19576-c02-01,0.0
bio2010-15430,p10-cts-5884,3.0
cso2011-28480,mtm2010-19576-c02-01,3.0
cso2011-28480,p10-cts-5884,2.0
0815-0378,mtm2010-19576-c02-01,2.0
0815-0378,p10-cts-5884,2.0
0858-0365,mtm2010-19576-c02-01,5.0
0858-0365,p10-cts-5884,2.0
p10-tep-6412,mtm2010-19576-c02-01,0.0
p10-tep-6412,p10-cts-5884,0.0
otri-08-fcie44,mtm2010-19576-c02-01,5.0
otri-08-fcie44,p10-cts-5884,2.0
0886-0060,mtm2010-19576-c02-01,2.0
0886-0060,p10-cts-5884,2.0
otri-08-pc39,mtm2010-19576-c02-01,0.0
otri-08-pc39,p10-cts-5884,2.0
exp: 224-2006-dgfp-00,mtm2010-19576-c02-01,3.0
exp: 224-2006-dgfp-00,p10-cts-5884,0.0
pro-reta,mtm2010-19576-c02-01,3.0
pro-reta,p10-cts-5884,0.0
otri-08-pc37,mtm2010-19576-c02-01,5.0
otri-08-pc37,p10-cts-5884,3.0
0829-0380,mtm2010-19576-c02-01,3.0
0829-0380,p10-cts-5884,0.0
pi-0398-2010,mtm2010-19576-c02-01,2.0
pi-0398-2010,p10-cts-5884,2.0
otri-08-fcie42,mtm2010-19576-c02-01,2.0
otri-08-fcie42,p10-cts-5884,3.0
0863-0011,mtm2010-19576-c02-01,5.0
0863-0011,p10-cts-5884,2.0
agl2010-21982-c02-01,mtm2010-19576-c02-01,0.0
agl2010-21982-c02-01,p10-cts-5884,2.0
ffi2010-19022,mtm2010-19576-c02-01,3.0
ffi2010-19022,p10-cts-5884,2.0
p10-tic-6220,mtm2010-19576-c02-01,0.0
p10-tic-6220,p10-cts-5884,2.0
p052-08-e26,mtm2010-19576-c02-01,0.0
p052-08-e26,p10-cts-5884,3.0
exp. 55-07,0883-0096,2.0
0815-0378,exp. 55-07,2.0
0815-0378,0883-0096,3.0
es-0427-2010,exp. 55-07,3.0
es-0427-2010,0883-0096,2.0
otri-08-fcie50,exp. 55-07,3.0
otri-08-fcie50,0883-0096,2.0
p011-08-e15,exp. 55-07,2.0
p011-08-e15,0883-0096,5.0
bio2010-15430,exp. 55-07,2.0
bio2010-15430,0883-0096,0.0
cso2011-28480,exp. 55-07,2.0
cso2011-28480,0883-0096,2.0
0858-0365,exp. 55-07,2.0
0858-0365,0883-0096,3.0
p10-tep-6412,exp. 55-07,2.0
p10-tep-6412,0883-0096,2.0
otri-08-fcie44,exp. 55-07,3.0
otri-08-fcie44,0883-0096,3.0
0886-0060,exp. 55-07,2.0
0886-0060,0883-0096,2.0
otri-08-pc39,exp. 55-07,2.0
otri-08-pc39,0883-0096,2.0
exp: 224-2006-dgfp-00,exp. 55-07,2.0
exp: 224-2006-dgfp-00,0883-0096,3.0
pro-reta,exp. 55-07,3.0
pro-reta,0883-0096,2.0
otri-08-pc37,exp. 55-07,3.0
otri-08-pc37,0883-0096,3.0
0829-0380,exp. 55-07,3.0
0829-0380,0883-0096,2.0
pi-0398-2010,exp. 55-07,2.0
pi-0398-2010,0883-0096,2.0
otri-08-fcie42,exp. 55-07,3.0
otri-08-fcie42,0883-0096,2.0
0863-0011,exp. 55-07,3.0
0863-0011,0883-0096,3.0
agl2010-21982-c02-01,exp. 55-07,0.0
agl2010-21982-c02-01,0883-0096,2.0
ffi2010-19022,exp. 55-07,3.0
ffi2010-19022,0883-0096,3.0
p10-tic-6220,exp. 55-07,2.0
p10-tic-6220,0883-0096,2.0
p052-08-e26,exp. 55-07,2.0
p052-08-e26,0883-0096,2.0
ctm2010-19917,sab2010-0158,0.0
0815-0378,ctm2010-19917,3.0
0815-0378,sab2010-0158,3.0
otri-08-fcie50,ctm2010-19917,2.0
otri-08-fcie50,sab2010-0158,3.0
es-0427-2010,ctm2010-19917,2.0
es-0427-2010,sab2010-0158,3.0
p011-08-e15,ctm2010-19917,3.0
p011-08-e15,sab2010-0158,2.0
bio2010-15430,ctm2010-19917,2.0
bio2010-15430,sab2010-0158,0.0
cso2011-28480,ctm2010-19917,2.0
cso2011-28480,sab2010-0158,2.0
0858-0365,ctm2010-19917,2.0
0858-0365,sab2010-0158,2.0
p10-tep-6412,ctm2010-19917,2.0
p10-tep-6412,sab2010-0158,3.0
otri-08-fcie44,ctm2010-19917,2.0
otri-08-fcie44,sab2010-0158,5.0
0886-0060,ctm2010-19917,2.0
0886-0060,sab2010-0158,3.0
otri-08-pc39,ctm2010-19917,2.0
otri-08-pc39,sab2010-0158,0.0
exp: 224-2006-dgfp-00,ctm2010-19917,2.0
exp: 224-2006-dgfp-00,sab2010-0158,2.0
pro-reta,ctm2010-19917,0.0
pro-reta,sab2010-0158,5.0
otri-08-pc37,ctm2010-19917,2.0
otri-08-pc37,sab2010-0158,2.0
0829-0380,ctm2010-19917,0.0
0829-0380,sab2010-0158,5.0
pi-0398-2010,ctm2010-19917,2.0
pi-0398-2010,sab2010-0158,3.0
otri-08-fcie42,ctm2010-19917,2.0
otri-08-fcie42,sab2010-0158,3.0
0863-0011,ctm2010-19917,2.0
0863-0011,sab2010-0158,5.0
agl2010-21982-c02-01,ctm2010-19917,3.0
agl2010-21982-c02-01,sab2010-0158,0.0
ffi2010-19022,ctm2010-19917,2.0
ffi2010-19022,sab2010-0158,2.0
p10-tic-6220,ctm2010-19917,2.0
p10-tic-6220,sab2010-0158,0.0
p052-08-e26,ctm2010-19917,3.0
p052-08-e26,sab2010-0158,0.0
0839-0042,ffi2010-14984,2.0
p10-tep-6412,0839-0042,2.0
p10-tep-6412,ffi2010-14984,0.0
es-0427-2010,0839-0042,3.0
es-0427-2010,ffi2010-14984,2.0
0815-0378,0839-0042,3.0
0815-0378,ffi2010-14984,0.0
otri-08-fcie50,0839-0042,3.0
otri-08-fcie50,ffi2010-14984,2.0
p011-08-e15,0839-0042,3.0
p011-08-e15,ffi2010-14984,2.0
bio2010-15430,0839-0042,2.0
bio2010-15430,ffi2010-14984,3.0
cso2011-28480,0839-0042,0.0
cso2011-28480,ffi2010-14984,3.0
0858-0365,0839-0042,2.0
0858-0365,ffi2010-14984,2.0
otri-08-fcie44,0839-0042,2.0
otri-08-fcie44,ffi2010-14984,2.0
0886-0060,0839-0042,2.0
0886-0060,ffi2010-14984,0.0
otri-08-pc39,0839-0042,3.0
otri-08-pc39,ffi2010-14984,2.0
exp: 224-2006-dgfp-00,0839-0042,2.0
exp: 224-2006-dgfp-00,ffi2010-14984,2.0
pro-reta,0839-0042,0.0
pro-reta,ffi2010-14984,2.0
otri-08-pc37,0839-0042,3.0
otri-08-pc37,ffi2010-14984,3.0
0829-0380,0839-0042,0.0
0829-0380,ffi2010-14984,2.0
pi-0398-2010,0839-0042,2.0
pi-0398-2010,ffi2010-14984,0.0
otri-08-fcie42,0839-0042,3.0
otri-08-fcie42,ffi2010-14984,2.0
0863-0011,0839-0042,2.0
0863-0011,ffi2010-14984,2.0
agl2010-21982-c02-01,0839-0042,2.0
agl2010-21982-c02-01,ffi2010-14984,2.0
ffi2010-19022,0839-0042,3.0
ffi2010-19022,ffi2010-14984,3.0
p10-tic-6220,0839-0042,3.0
p10-tic-6220,ffi2010-14984,2.0
p052-08-e26,0839-0042,3.0
p052-08-e26,ffi2010-14984,3.0
dpi2010-21590-c02-02,0847-0168,3.0
p10-tep-6412,dpi2010-21590-c02-02,0.0
p10-tep-6412,0847-0168,2.0
otri-08-fcie50,dpi2010-21590-c02-02,2.0
otri-08-fcie50,0847-0168,0.0
es-0427-2010,dpi2010-21590-c02-02,0.0
es-0427-2010,0847-0168,2.0
0815-0378,dpi2010-21590-c02-02,2.0
0815-0378,0847-0168,2.0
p011-08-e15,dpi2010-21590-c02-02,3.0
p011-08-e15,0847-0168,3.0
bio2010-15430,dpi2010-21590-c02-02,2.0
bio2010-15430,0847-0168,2.0
cso2011-28480,dpi2010-21590-c02-02,3.0
cso2011-28480,0847-0168,3.0
0858-0365,dpi2010-21590-c02-02,3.0
0858-0365,0847-0168,2.0
otri-08-fcie44,dpi2010-21590-c02-02,3.0
otri-08-fcie44,0847-0168,2.0
0886-0060,dpi2010-21590-c02-02,2.0
0886-0060,0847-0168,0.0
otri-08-pc39,dpi2010-21590-c02-02,0.0
otri-08-pc39,0847-0168,2.0
exp: 224-2006-dgfp-00,dpi2010-21590-c02-02,2.0
exp: 224-2006-dgfp-00,0847-0168,3.0
pro-reta,dpi2010-21590-c02-02,2.0
pro-reta,0847-0168,2.0
otri-08-pc37,dpi2010-21590-c02-02,3.0
otri-08-pc37,0847-0168,2.0
0829-0380,dpi2010-21590-c02-02,2.0
0829-0380,0847-0168,2.0
pi-0398-2010,dpi2010-21590-c02-02,2.0
pi-0398-2010,0847-0168,0.0
otri-08-fcie42,dpi2010-21590-c02-02,2.0
otri-08-fcie42,0847-0168,0.0
0863-0011,dpi2010-21590-c02-02,3.0
0863-0011,0847-0168,2.0
agl2010-21982-c02-01,dpi2010-21590-c02-02,2.0
agl2010-21982-c02-01,0847-0168,3.0
ffi2010-19022,dpi2010-21590-c02-02,2.0
ffi2010-19022,0847-0168,3.0
p10-tic-6220,dpi2010-21590-c02-02,0.0
p10-tic-6220,0847-0168,2.0
p052-08-e26,dpi2010-21590-c02-02,2.0
p052-08-e26,0847-0168,3.0
p10-tic-5789,pi-0282-2010,3.0
0886-0060,p10-tic-5789,2.0
0886-0060,pi-0282-2010,3.0
es-0427-2010,p10-tic-5789,2.0
es-0427-2010,pi-0282-2010,2.0
p10-tep-6412,p10-tic-5789,2.0
p10-tep-6412,pi-0282-2010,2.0
otri-08-fcie50,p10-tic-5789,2.0
otri-08-fcie50,pi-0282-2010,3.0
0815-0378,p10-tic-5789,2.0
0815-0378,pi-0282-2010,3.0
p011-08-e15,p10-tic-5789,2.0
p011-08-e15,pi-0282-2010,2.0
bio2010-15430,p10-tic-5789,2.0
bio2010-15430,pi-0282-2010,2.0
cso2011-28480,p10-tic-5789,3.0
cso2011-28480,pi-0282-2010,2.0
0858-0365,p10-tic-5789,2.0
0858-0365,pi-0282-2010,2.0
otri-08-fcie44,p10-tic-5789,3.0
otri-08-fcie44,pi-0282-2010,3.0
otri-08-pc39,p10-tic-5789,0.0
otri-08-pc39,pi-0282-2010,0.0
exp: 224-2006-dgfp-00,p10-tic-5789,2.0
exp: 224-2006-dgfp-00,pi-0282-2010,0.0
pro-reta,p10-tic-5789,3.0
pro-reta,pi-0282-2010,2.0
otri-08-pc37,p10-tic-5789,2.0
otri-08-pc37,pi-0282-2010,2.0
0829-0380,p10-tic-5789,3.0
0829-0380,pi-0282-2010,2.0
pi-0398-2010,p10-tic-5789,2.0
pi-0398-2010,pi-0282-2010,3.0
otri-08-fcie42,p10-tic-5789,2.0
otri-08-fcie42,pi-0282-2010,3.0
0863-0011,p10-tic-5789,3.0
0863-0011,pi-0282-2010,3.0
agl2010-21982-c02-01,p10-tic-5789,2.0
agl2010-21982-c02-01,pi-0282-2010,2.0
ffi2010-19022,p10-tic-5789,2.0
ffi2010-19022,pi-0282-2010,0.0
p10-tic-6220,p10-tic-5789,0.0
p10-tic-6220,pi-0282-2010,0.0
p052-08-e26,p10-tic-5789,2.0
p052-08-e26,pi-0282-2010,2.0
cgl2010-16512,0849-0384,3.0
0886-0060,cgl2010-16512,3.0
0886-0060,0849-0384,2.0
otri-08-fcie50,cgl2010-16512,3.0
otri-08-fcie50,0849-0384,2.0
es-0427-2010,cgl2010-16512,2.0
es-0427-2010,0849-0384,2.0
p10-tep-6412,cgl2010-16512,2.0
p10-tep-6412,0849-0384,2.0
0815-0378,cgl2010-16512,3.0
0815-0378,0849-0384,3.0
p011-08-e15,cgl2010-16512,3.0
p011-08-e15,0849-0384,5.0
bio2010-15430,cgl2010-16512,0.0
bio2010-15430,0849-0384,0.0
cso2011-28480,cgl2010-16512,2.0
cso2011-28480,0849-0384,2.0
0858-0365,cgl2010-16512,3.0
0858-0365,0849-0384,3.0
otri-08-fcie44,cgl2010-16512,5.0
otri-08-fcie44,0849-0384,3.0
otri-08-pc39,cgl2010-16512,0.0
otri-08-pc39,0849-0384,2.0
exp: 224-2006-dgfp-00,cgl2010-16512,2.0
exp: 224-2006-dgfp-00,0849-0384,3.0
pro-reta,cgl2010-16512,3.0
pro-reta,0849-0384,2.0
otri-08-pc37,cgl2010-16512,3.0
otri-08-pc37,0849-0384,3.0
0829-0380,cgl2010-16512,3.0
0829-0380,0849-0384,2.0
pi-0398-2010,cgl2010-16512,3.0
pi-0398-2010,0849-0384,2.0
otri-08-fcie42,cgl2010-16512,3.0
otri-08-fcie42,0849-0384,2.0
0863-0011,cgl2010-16512,5.0
0863-0011,0849-0384,3.0
agl2010-21982-c02-01,cgl2010-16512,0.0
agl2010-21982-c02-01,0849-0384,2.0
ffi2010-19022,cgl2010-16512,2.0
ffi2010-19022,0849-0384,3.0
p10-tic-6220,cgl2010-16512,0.0
p10-tic-6220,0849-0384,2.0
p052-08-e26,cgl2010-16512,0.0
p052-08-e26,0849-0384,2.0
modalidad: ayudas para movilidad de personal investigador. mod. b,0866-0059,2.0
otri-08-fcie44,modalidad: ayudas para movilidad de personal investigador. mod. b,3.0
otri-08-fcie44,0866-0059,2.0
es-0427-2010,modalidad: ayudas para movilidad de personal investigador. mod. b,2.0
es-0427-2010,0866-0059,5.0
0886-0060,modalidad: ayudas para movilidad de personal investigador. mod. b,3.0
0886-0060,0866-0059,2.0
otri-08-fcie50,modalidad: ayudas para movilidad de personal investigador. mod. b,3.0
otri-08-fcie50,0866-0059,2.0
p10-tep-6412,modalidad: ayudas para movilidad de personal investigador. mod. b,2.0
p10-tep-6412,0866-0059,5.0
0815-0378,modalidad: ayudas para movilidad de personal investigador. mod. b,3.0
0815-0378,0866-0059,5.0
p011-08-e15,modalidad: ayudas para movilidad de personal investigador. mod. b,2.0
p011-08-e15,0866-0059,3.0
bio2010-15430,modalidad: ayudas para movilidad de personal investigador. mod. b,2.0
bio2010-15430,0866-0059,0.0
cso2011-28480,modalidad: ayudas para movilidad de personal investigador. mod. b,2.0
cso2011-28480,0866-0059,0.0
0858-0365,modalidad: ayudas para movilidad de personal investigador. mod. b,2.0
0858-0365,0866-0059,0.0
otri-08-pc39,modalidad: ayudas para movilidad de personal investigador. mod. b,0.0
otri-08-pc39,0866-0059,3.0
exp: 224-2006-dgfp-00,modalidad: ayudas para movilidad de personal investigador. mod. b,0.0
exp: 224-2006-dgfp-00,0866-0059,3.0
pro-reta,modalidad: ayudas para movilidad de personal investigador. mod. b,2.0
pro-reta,0866-0059,2.0
otri-08-pc37,modalidad: ayudas para movilidad de personal investigador. mod. b,2.0
otri-08-pc37,0866-0059,0.0
0829-0380,modalidad: ayudas para movilidad de personal investigador. mod. b,2.0
0829-0380,0866-0059,2.0
pi-0398-2010,modalidad: ayudas para movilidad de personal investigador. mod. b,3.0
pi-0398-2010,0866-0059,2.0
otri-08-fcie42,modalidad: ayudas para movilidad de personal investigador. mod. b,3.0
otri-08-fcie42,0866-0059,2.0
0863-0011,modalidad: ayudas para movilidad de personal investigador. mod. b,3.0
0863-0011,0866-0059,2.0
agl2010-21982-c02-01,modalidad: ayudas para movilidad de personal investigador. mod. b,2.0
agl2010-21982-c02-01,0866-0059,3.0
ffi2010-19022,modalidad: ayudas para movilidad de personal investigador. mod. b,0.0
ffi2010-19022,0866-0059,3.0
p10-tic-6220,modalidad: ayudas para movilidad de personal investigador. mod. b,0.0
p10-tic-6220,0866-0059,3.0
p052-08-e26,modalidad: ayudas para movilidad de personal investigador. mod. b,2.0
p052-08-e26,0866-0059,3.0
modalidad: ayudas para movilidad de personal investigador. mod. a,0843-0137,0.0
otri-08-fcie44,modalidad: ayudas para movilidad de personal investigador. mod. a,2.0
otri-08-fcie44,0843-0137,3.0
otri-08-fcie50,modalidad: ayudas para movilidad de personal investigador. mod. a,2.0
otri-08-fcie50,0843-0137,2.0
es-0427-2010,modalidad: ayudas para movilidad de personal investigador. mod. a,2.0
es-0427-2010,0843-0137,2.0
0886-0060,modalidad: ayudas para movilidad de personal investigador. mod. a,2.0
0886-0060,0843-0137,2.0
p10-tep-6412,modalidad: ayudas para movilidad de personal investigador. mod. a,2.0
p10-tep-6412,0843-0137,2.0
0815-0378,modalidad: ayudas para movilidad de personal investigador. mod. a,2.0
0815-0378,0843-0137,3.0
p011-08-e15,modalidad: ayudas para movilidad de personal investigador. mod. a,0.0
p011-08-e15,0843-0137,5.0
bio2010-15430,modalidad: ayudas para movilidad de personal investigador. mod. a,3.0
bio2010-15430,0843-0137,0.0
cso2011-28480,modalidad: ayudas para movilidad de personal investigador. mod. a,3.0
cso2011-28480,0843-0137,2.0
0858-0365,modalidad: ayudas para movilidad de personal investigador. mod. a,0.0
0858-0365,0843-0137,3.0
otri-08-pc39,modalidad: ayudas para movilidad de personal investigador. mod. a,0.0
otri-08-pc39,0843-0137,2.0
exp: 224-2006-dgfp-00,modalidad: ayudas para movilidad de personal investigador. mod. a,0.0
exp: 224-2006-dgfp-00,0843-0137,3.0
pro-reta,modalidad: ayudas para movilidad de personal investigador. mod. a,2.0
pro-reta,0843-0137,2.0
otri-08-pc37,modalidad: ayudas para movilidad de personal investigador. mod. a,0.0
otri-08-pc37,0843-0137,3.0
0829-0380,modalidad: ayudas para movilidad de personal investigador. mod. a,2.0
0829-0380,0843-0137,2.0
pi-0398-2010,modalidad: ayudas para movilidad de personal investigador. mod. a,2.0
pi-0398-2010,0843-0137,2.0
otri-08-fcie42,modalidad: ayudas para movilidad de personal investigador. mod. a,2.0
otri-08-fcie42,0843-0137,2.0
0863-0011,modalidad: ayudas para movilidad de personal investigador. mod. a,2.0
0863-0011,0843-0137,3.0
agl2010-21982-c02-01,modalidad: ayudas para movilidad de personal investigador. mod. a,3.0
agl2010-21982-c02-01,0843-0137,2.0
ffi2010-19022,modalidad: ayudas para movilidad de personal investigador. mod. a,0.0
ffi2010-19022,0843-0137,3.0
p10-tic-6220,modalidad: ayudas para movilidad de personal investigador. mod. a,0.0
p10-tic-6220,0843-0137,2.0
p052-08-e26,modalidad: ayudas para movilidad de personal investigador. mod. a,3.0
p052-08-e26,0843-0137,2.0
ctm2010-21957-c02-01,dpi2010-15573,2.0
0858-0365,ctm2010-21957-c02-01,0.0
0858-0365,dpi2010-15573,3.0
es-0427-2010,ctm2010-21957-c02-01,3.0
es-0427-2010,dpi2010-15573,0.0
otri-08-fcie44,ctm2010-21957-c02-01,0.0
otri-08-fcie44,dpi2010-15573,3.0
otri-08-fcie50,ctm2010-21957-c02-01,2.0
otri-08-fcie50,dpi2010-15573,2.0
0886-0060,ctm2010-21957-c02-01,0.0
0886-0060,dpi2010-15573,2.0
p10-tep-6412,ctm2010-21957-c02-01,2.0
p10-tep-6412,dpi2010-15573,0.0
0815-0378,ctm2010-21957-c02-01,2.0
0815-0378,dpi2010-15573,2.0
p011-08-e15,ctm2010-21957-c02-01,2.0
p011-08-e15,dpi2010-15573,3.0
bio2010-15430,ctm2010-21957-c02-01,3.0
bio2010-15430,dpi2010-15573,2.0
cso2011-28480,ctm2010-21957-c02-01,2.0
cso2011-28480,dpi2010-15573,3.0
otri-08-pc39,ctm2010-21957-c02-01,3.0
otri-08-pc39,dpi2010-15573,0.0
exp: 224-2006-dgfp-00,ctm2010-21957-c02-01,2.0
exp: 224-2006-dgfp-00,dpi2010-15573,2.0
pro-reta,ctm2010-21957-c02-01,0.0
pro-reta,dpi2010-15573,2.0
otri-08-pc37,ctm2010-21957-c02-01,2.0
otri-08-pc37,dpi2010-15573,3.0
0829-0380,ctm2010-21957-c02-01,0.0
0829-0380,dpi2010-15573,2.0
pi-0398-2010,ctm2010-21957-c02-01,0.0
pi-0398-2010,dpi2010-15573,2.0
otri-08-fcie42,ctm2010-21957-c02-01,2.0
otri-08-fcie42,dpi2010-15573,2.0
0863-0011,ctm2010-21957-c02-01,0.0
0863-0011,dpi2010-15573,3.0
agl2010-21982-c02-01,ctm2010-21957-c02-01,3.0
agl2010-21982-c02-01,dpi2010-15573,2.0
ffi2010-19022,ctm2010-21957-c02-01,3.0
ffi2010-19022,dpi2010-15573,2.0
p10-tic-6220,ctm2010-21957-c02-01,3.0
p10-tic-6220,dpi2010-15573,0.0
p052-08-e26,ctm2010-21957-c02-01,5.0
p052-08-e26,dpi2010-15573,2.0
0785-0328,pi-0489-2010,2.0
0858-0365,0785-0328,3.0
0858-0365,pi-0489-2010,2.0
otri-08-fcie50,0785-0328,3.0
otri-08-fcie50,pi-0489-2010,2.0
es-0427-2010,0785-0328,0.0
es-0427-2010,pi-0489-2010,2.0
otri-08-fcie44,0785-0328,3.0
otri-08-fcie44,pi-0489-2010,3.0
0886-0060,0785-0328,3.0
0886-0060,pi-0489-2010,2.0
p10-tep-6412,0785-0328,0.0
p10-tep-6412,pi-0489-2010,2.0
0815-0378,0785-0328,3.0
0815-0378,pi-0489-2010,2.0
p011-08-e15,0785-0328,3.0
p011-08-e15,pi-0489-2010,2.0
bio2010-15430,0785-0328,2.0
bio2010-15430,pi-0489-2010,2.0
cso2011-28480,0785-0328,2.0
cso2011-28480,pi-0489-2010,3.0
otri-08-pc39,0785-0328,0.0
otri-08-pc39,pi-0489-2010,0.0
exp: 224-2006-dgfp-00,0785-0328,0.0
exp: 224-2006-dgfp-00,pi-0489-2010,2.0
pro-reta,0785-0328,0.0
pro-reta,pi-0489-2010,3.0
otri-08-pc37,0785-0328,3.0
otri-08-pc37,pi-0489-2010,2.0
0829-0380,0785-0328,0.0
0829-0380,pi-0489-2010,3.0
pi-0398-2010,0785-0328,3.0
pi-0398-2010,pi-0489-2010,2.0
otri-08-fcie42,0785-0328,3.0
otri-08-fcie42,pi-0489-2010,2.0
0863-0011,0785-0328,3.0
0863-0011,pi-0489-2010,3.0
agl2010-21982-c02-01,0785-0328,2.0
agl2010-21982-c02-01,pi-0489-2010,2.0
ffi2010-19022,0785-0328,0.0
ffi2010-19022,pi-0489-2010,2.0
p10-tic-6220,0785-0328,0.0
p10-tic-6220,pi-0489-2010,0.0
p052-08-e26,0785-0328,2.0
p052-08-e26,pi-0489-2010,2.0
0878-0359,modalidad: ayudas para actividades de divulgación científica,2.0
p011-08-e15,0878-0359,2.0
p011-08-e15,modalidad: ayudas para actividades de divulgación científica,3.0
es-0427-2010,0878-0359,3.0
es-0427-2010,modalidad: ayudas para actividades de divulgación científica,3.0
0858-0365,0878-0359,0.0
0858-0365,modalidad: ayudas para actividades de divulgación científica,2.0
otri-08-fcie50,0878-0359,2.0
otri-08-fcie50,modalidad: ayudas para actividades de divulgación científica,3.0
otri-08-fcie44,0878-0359,2.0
otri-08-fcie44,modalidad: ayudas para actividades de divulgación científica,2.0
0886-0060,0878-0359,2.0
0886-0060,modalidad: ayudas para actividades de divulgación científica,2.0
p10-tep-6412,0878-0359,3.0
p10-tep-6412,modalidad: ayudas para actividades de divulgación científica,2.0
0815-0378,0878-0359,3.0
0815-0378,modalidad: ayudas para actividades de divulgación científica,3.0
bio2010-15430,0878-0359,2.0
bio2010-15430,modalidad: ayudas para actividades de divulgación científica,2.0
cso2011-28480,0878-0359,2.0
cso2011-28480,modalidad: ayudas para actividades de divulgación científica,0.0
otri-08-pc39,0878-0359,2.0
otri-08-pc39,modalidad: ayudas para actividades de divulgación científica,3.0
exp: 224-2006-dgfp-00,0878-0359,2.0
exp: 224-2006-dgfp-00,modalidad: ayudas para actividades de divulgación científica,2.0
pro-reta,0878-0359,2.0
pro-reta,modalidad: ayudas para actividades de divulgación científica,0.0
otri-08-pc37,0878-0359,0.0
otri-08-pc37,modalidad: ayudas para actividades de divulgación científica,3.0
0829-0380,0878-0359,2.0
0829-0380,modalidad: ayudas para actividades de divulgación científica,0.0
pi-0398-2010,0878-0359,2.0
pi-0398-2010,modalidad: ayudas para actividades de divulgación científica,2.0
otri-08-fcie42,0878-0359,2.0
otri-08-fcie42,modalidad: ayudas para actividades de divulgación científica,3.0
0863-0011,0878-0359,2.0
0863-0011,modalidad: ayudas para actividades de divulgación científica,2.0
agl2010-21982-c02-01,0878-0359,3.0
agl2010-21982-c02-01,modalidad: ayudas para actividades de divulgación científica,2.0
ffi2010-19022,0878-0359,2.0
ffi2010-19022,modalidad: ayudas para actividades de divulgación científica,3.0
p10-tic-6220,0878-0359,2.0
p10-tic-6220,modalidad: ayudas para actividades de divulgación científica,3.0
p052-08-e26,0878-0359,3.0
p052-08-e26,modalidad: ayudas para actividades de divulgación científica,3.0
p10-cvi-6368,0804-0026,2.0
p011-08-e15,p10-cvi-6368,3.0
p011-08-e15,0804-0026,5.0
otri-08-fcie50,p10-cvi-6368,2.0
otri-08-fcie50,0804-0026,3.0
es-0427-2010,p10-cvi-6368,3.0
es-0427-2010,0804-0026,2.0
0858-0365,p10-cvi-6368,2.0
0858-0365,0804-0026,3.0
otri-08-fcie44,p10-cvi-6368,2.0
otri-08-fcie44,0804-0026,3.0
0886-0060,p10-cvi-6368,0.0
0886-0060,0804-0026,3.0
p10-tep-6412,p10-cvi-6368,2.0
p10-tep-6412,0804-0026,2.0
0815-0378,p10-cvi-6368,2.0
0815-0378,0804-0026,5.0
bio2010-15430,p10-cvi-6368,2.0
bio2010-15430,0804-0026,0.0
cso2011-28480,p10-cvi-6368,2.0
cso2011-28480,0804-0026,0.0
otri-08-pc39,p10-cvi-6368,3.0
otri-08-pc39,0804-0026,2.0
exp: 224-2006-dgfp-00,p10-cvi-6368,3.0
exp: 224-2006-dgfp-00,0804-0026,2.0
pro-reta,p10-cvi-6368,2.0
pro-reta,0804-0026,0.0
otri-08-pc37,p10-cvi-6368,3.0
otri-08-pc37,0804-0026,3.0
0829-0380,p10-cvi-6368,2.0
0829-0380,0804-0026,0.0
pi-0398-2010,p10-cvi-6368,0.0
pi-0398-2010,0804-0026,3.0
otri-08-fcie42,p10-cvi-6368,2.0
otri-08-fcie42,0804-0026,3.0
0863-0011,p10-cvi-6368,2.0
0863-0011,0804-0026,3.0
agl2010-21982-c02-01,p10-cvi-6368,2.0
agl2010-21982-c02-01,0804-0026,2.0
ffi2010-19022,p10-cvi-6368,5.0
ffi2010-19022,0804-0026,2.0
p10-tic-6220,p10-cvi-6368,3.0
p10-tic-6220,0804-0026,2.0
p052-08-e26,p10-cvi-6368,3.0
p052-08-e26,0804-0026,2.0
0860-0059,p009-08-e23,2.0
modalidad: subvenciones para la realización de congresos y reuniones científicas,0860-0059,2.0
modalidad: subvenciones para la realización de congresos y reuniones científicas,p009-08-e23,2.0
dpi2011-28356-c03-01,0860-0059,0.0
dpi2011-28356-c03-01,p009-08-e23,0.0
p011-08-e15,0860-0059,3.0
p011-08-e15,p009-08-e23,0.0
otri-08-fcie50,0860-0059,2.0
otri-08-fcie50,p009-08-e23,3.0
es-0427-2010,0860-0059,5.0
es-0427-2010,p009-08-e23,3.0
0858-0365,0860-0059,0.0
0858-0365,p009-08-e23,0.0
otri-08-fcie44,0860-0059,2.0
otri-08-fcie44,p009-08-e23,2.0
0886-0060,0860-0059,2.0
0886-0060,p009-08-e23,2.0
p10-tep-6412,0860-0059,5.0
p10-tep-6412,p009-08-e23,2.0
0815-0378,0860-0059,5.0
0815-0378,p009-08-e23,2.0
bio2010-15430,0860-0059,0.0
bio2010-15430,p009-08-e23,3.0
cso2011-28480,0860-0059,0.0
cso2011-28480,p009-08-e23,2.0
otri-08-pc39,0860-0059,3.0
otri-08-pc39,p009-08-e23,2.0
exp: 224-2006-dgfp-00,0860-0059,3.0
exp: 224-2006-dgfp-00,p009-08-e23,0.0
pro-reta,0860-0059,2.0
pro-reta,p009-08-e23,2.0
otri-08-pc37,0860-0059,0.0
otri-08-pc37,p009-08-e23,2.0
0829-0380,0860-0059,2.0
0829-0380,p009-08-e23,2.0
pi-0398-2010,0860-0059,2.0
pi-0398-2010,p009-08-e23,2.0
otri-08-fcie42,0860-0059,2.0
otri-08-fcie42,p009-08-e23,3.0
0863-0011,0860-0059,2.0
0863-0011,p009-08-e23,2.0
agl2010-21982-c02-01,0860-0059,3.0
agl2010-21982-c02-01,p009-08-e23,2.0
ffi2010-19022,0860-0059,3.0
ffi2010-19022,p009-08-e23,2.0
p10-tic-6220,0860-0059,3.0
p10-tic-6220,p009-08-e23,2.0
p052-08-e26,0860-0059,3.0
p052-08-e26,p009-08-e23,3.0
mtm2010-20907-c02-01,aic10-d-000567,3.0
0815-0378,mtm2010-20907-c02-01,2.0
0815-0378,aic10-d-000567,3.0
modalidad: subvenciones para la realización de congresos y reuniones científicas,mtm2010-20907-c02-01,0.0
modalidad: subvenciones para la realización de congresos y reuniones científicas,aic10-d-000567,2.0
dpi2011-28356-c03-01,mtm2010-20907-c02-01,2.0
dpi2011-28356-c03-01,aic10-d-000567,0.0
p011-08-e15,mtm2010-20907-c02-01,3.0
p011-08-e15,aic10-d-000567,2.0
otri-08-fcie50,mtm2010-20907-c02-01,0.0
otri-08-fcie50,aic10-d-000567,2.0
es-0427-2010,mtm2010-20907-c02-01,2.0
es-0427-2010,aic10-d-000567,3.0
0858-0365,mtm2010-20907-c02-01,2.0
0858-0365,aic10-d-000567,0.0
otri-08-fcie44,mtm2010-20907-c02-01,2.0
otri-08-fcie44,aic10-d-000567,2.0
0886-0060,mtm2010-20907-c02-01,0.0
0886-0060,aic10-d-000567,2.0
p10-tep-6412,mtm2010-20907-c02-01,2.0
p10-tep-6412,aic10-d-000567,3.0
bio2010-15430,mtm2010-20907-c02-01,2.0
bio2010-15430,aic10-d-000567,2.0
cso2011-28480,mtm2010-20907-c02-01,3.0
cso2011-28480,aic10-d-000567,2.0
otri-08-pc39,mtm2010-20907-c02-01,2.0
otri-08-pc39,aic10-d-000567,2.0
exp: 224-2006-dgfp-00,mtm2010-20907-c02-01,3.0
exp: 224-2006-dgfp-00,aic10-d-000567,2.0
pro-reta,mtm2010-20907-c02-01,2.0
pro-reta,aic10-d-000567,2.0
otri-08-pc37,mtm2010-20907-c02-01,2.0
otri-08-pc37,aic10-d-000567,0.0
0829-0380,mtm2010-20907-c02-01,2.0
0829-0380,aic10-d-000567,2.0
pi-0398-2010,mtm2010-20907-c02-01,0.0
pi-0398-2010,aic10-d-000567,2.0
otri-08-fcie42,mtm2010-20907-c02-01,0.0
otri-08-fcie42,aic10-d-000567,2.0
0863-0011,mtm2010-20907-c02-01,2.0
0863-0011,aic10-d-000567,2.0
agl2010-21982-c02-01,mtm2010-20907-c02-01,3.0
agl2010-21982-c02-01,aic10-d-000567,3.0
ffi2010-19022,mtm2010-20907-c02-01,3.0
ffi2010-19022,aic10-d-000567,2.0
p10-tic-6220,mtm2010-20907-c02-01,2.0
p10-tic-6220,aic10-d-000567,2.0
p052-08-e26,mtm2010-20907-c02-01,3.0
p052-08-e26,aic10-d-000567,3.0
